[0.707s] [34mcolcon[0m [1;30mDEBUG[0m [32mCommand line arguments: ['/usr/bin/colcon', 'build'][0m
[0.708s] [34mcolcon[0m [1;30mDEBUG[0m [32mParsed command line arguments: Namespace(log_base=None, log_level=None, verb_name='build', build_base='build', install_base='install', merge_install=False, symlink_install=False, test_result_base=None, continue_on_error=False, executor='parallel', parallel_workers=16, event_handlers=None, ignore_user_meta=False, metas=['./colcon.meta'], base_paths=['.'], packages_ignore=None, packages_ignore_regex=None, paths=None, packages_up_to=None, packages_up_to_regex=None, packages_above=None, packages_above_and_dependencies=None, packages_above_depth=None, packages_select_by_dep=None, packages_skip_by_dep=None, packages_skip_up_to=None, packages_select_build_failed=False, packages_skip_build_finished=False, packages_select_test_failures=False, packages_skip_test_passed=False, packages_select=None, packages_skip=None, packages_select_regex=None, packages_skip_regex=None, packages_start=None, packages_end=None, allow_overriding=[], cmake_args=None, cmake_target=None, cmake_target_skip_unavailable=False, cmake_clean_cache=False, cmake_clean_first=False, cmake_force_configure=False, ament_cmake_args=None, catkin_cmake_args=None, catkin_skip_building_tests=False, verb_parser=<colcon_defaults.argument_parser.defaults.DefaultArgumentsDecorator object at 0x71339c9ee8c0>, verb_extension=<colcon_core.verb.build.BuildVerb object at 0x71339c983e20>, main=<bound method BuildVerb.main of <colcon_core.verb.build.BuildVerb object at 0x71339c983e20>>)[0m
[1.310s] [34mcolcon.colcon_core.package_discovery[0m [1;30mLevel 1[0m discover_packages(colcon_meta) check parameters
[1.310s] [34mcolcon.colcon_core.package_discovery[0m [1;30mLevel 1[0m discover_packages(recursive) check parameters
[1.311s] [34mcolcon.colcon_core.package_discovery[0m [1;30mLevel 1[0m discover_packages(ignore) check parameters
[1.311s] [34mcolcon.colcon_core.package_discovery[0m [1;30mLevel 1[0m discover_packages(path) check parameters
[1.311s] [34mcolcon.colcon_core.package_discovery[0m [1;30mLevel 1[0m discover_packages(colcon_meta) discover
[1.311s] [34mcolcon.colcon_core.package_discovery[0m [1;30mLevel 1[0m discover_packages(recursive) discover
[1.311s] [34mcolcon.colcon_core.package_discovery[0m [1;30mINFO[0m Crawling recursively for packages in '/home/lxf/Desktop/ROS'
[1.311s] [34mcolcon.colcon_core.package_identification[0m [1;30mLevel 1[0m _identify(.) by extensions ['ignore', 'ignore_ament_install']
[1.312s] [34mcolcon.colcon_core.package_identification[0m [1;30mLevel 1[0m _identify(.) by extension 'ignore'
[1.312s] [34mcolcon.colcon_core.package_identification[0m [1;30mLevel 1[0m _identify(.) by extension 'ignore_ament_install'
[1.312s] [34mcolcon.colcon_core.package_identification[0m [1;30mLevel 1[0m _identify(.) by extensions ['colcon_pkg']
[1.312s] [34mcolcon.colcon_core.package_identification[0m [1;30mLevel 1[0m _identify(.) by extension 'colcon_pkg'
[1.312s] [34mcolcon.colcon_core.package_identification[0m [1;30mLevel 1[0m _identify(.) by extensions ['colcon_meta']
[1.312s] [34mcolcon.colcon_core.package_identification[0m [1;30mLevel 1[0m _identify(.) by extension 'colcon_meta'
[1.312s] [34mcolcon.colcon_core.package_identification[0m [1;30mLevel 1[0m _identify(.) by extensions ['ros']
[1.312s] [34mcolcon.colcon_core.package_identification[0m [1;30mLevel 1[0m _identify(.) by extension 'ros'
[1.345s] [34mcolcon.colcon_core.package_identification[0m [1;30mLevel 1[0m _identify(.) by extensions ['cmake', 'python']
[1.345s] [34mcolcon.colcon_core.package_identification[0m [1;30mLevel 1[0m _identify(.) by extension 'cmake'
[1.345s] [34mcolcon.colcon_core.package_identification[0m [1;30mLevel 1[0m _identify(.) by extension 'python'
[1.345s] [34mcolcon.colcon_core.package_identification[0m [1;30mLevel 1[0m _identify(.) by extensions ['python_setup_py']
[1.345s] [34mcolcon.colcon_core.package_identification[0m [1;30mLevel 1[0m _identify(.) by extension 'python_setup_py'
[1.346s] [34mcolcon.colcon_core.package_identification[0m [1;30mLevel 1[0m _identify(0.认识ROS) by extensions ['ignore', 'ignore_ament_install']
[1.346s] [34mcolcon.colcon_core.package_identification[0m [1;30mLevel 1[0m _identify(0.认识ROS) by extension 'ignore'
[1.346s] [34mcolcon.colcon_core.package_identification[0m [1;30mLevel 1[0m _identify(0.认识ROS) by extension 'ignore_ament_install'
[1.346s] [34mcolcon.colcon_core.package_identification[0m [1;30mLevel 1[0m _identify(0.认识ROS) by extensions ['colcon_pkg']
[1.346s] [34mcolcon.colcon_core.package_identification[0m [1;30mLevel 1[0m _identify(0.认识ROS) by extension 'colcon_pkg'
[1.346s] [34mcolcon.colcon_core.package_identification[0m [1;30mLevel 1[0m _identify(0.认识ROS) by extensions ['colcon_meta']
[1.346s] [34mcolcon.colcon_core.package_identification[0m [1;30mLevel 1[0m _identify(0.认识ROS) by extension 'colcon_meta'
[1.346s] [34mcolcon.colcon_core.package_identification[0m [1;30mLevel 1[0m _identify(0.认识ROS) by extensions ['ros']
[1.346s] [34mcolcon.colcon_core.package_identification[0m [1;30mLevel 1[0m _identify(0.认识ROS) by extension 'ros'
[1.347s] [34mcolcon.colcon_core.package_identification[0m [1;30mLevel 1[0m _identify(0.认识ROS) by extensions ['cmake', 'python']
[1.347s] [34mcolcon.colcon_core.package_identification[0m [1;30mLevel 1[0m _identify(0.认识ROS) by extension 'cmake'
[1.359s] [34mcolcon.colcon_core.package_identification[0m [1;30mLevel 1[0m _identify(0.认识ROS) by extension 'python'
[1.359s] [34mcolcon.colcon_core.package_identification[0m [1;30mDEBUG[0m [32mPackage '0.认识ROS' with type 'cmake' and name 'HelloWorld'[0m
[1.360s] [34mcolcon.colcon_core.package_identification[0m [1;30mLevel 1[0m _identify(1.第一个节点) by extensions ['ignore', 'ignore_ament_install']
[1.360s] [34mcolcon.colcon_core.package_identification[0m [1;30mLevel 1[0m _identify(1.第一个节点) by extension 'ignore'
[1.360s] [34mcolcon.colcon_core.package_identification[0m [1;30mLevel 1[0m _identify(1.第一个节点) by extension 'ignore_ament_install'
[1.360s] [34mcolcon.colcon_core.package_identification[0m [1;30mLevel 1[0m _identify(1.第一个节点) by extensions ['colcon_pkg']
[1.360s] [34mcolcon.colcon_core.package_identification[0m [1;30mLevel 1[0m _identify(1.第一个节点) by extension 'colcon_pkg'
[1.360s] [34mcolcon.colcon_core.package_identification[0m [1;30mLevel 1[0m _identify(1.第一个节点) by extensions ['colcon_meta']
[1.361s] [34mcolcon.colcon_core.package_identification[0m [1;30mLevel 1[0m _identify(1.第一个节点) by extension 'colcon_meta'
[1.361s] [34mcolcon.colcon_core.package_identification[0m [1;30mLevel 1[0m _identify(1.第一个节点) by extensions ['ros']
[1.361s] [34mcolcon.colcon_core.package_identification[0m [1;30mLevel 1[0m _identify(1.第一个节点) by extension 'ros'
[1.361s] [34mcolcon.colcon_core.package_identification[0m [1;30mLevel 1[0m _identify(1.第一个节点) by extensions ['cmake', 'python']
[1.361s] [34mcolcon.colcon_core.package_identification[0m [1;30mLevel 1[0m _identify(1.第一个节点) by extension 'cmake'
[1.384s] [34mcolcon.colcon_core.package_identification[0m [1;30mLevel 1[0m _identify(1.第一个节点) by extension 'python'
[1.385s] [34mcolcon.colcon_core.package_identification[0m [1;30mDEBUG[0m [32mPackage '1.第一个节点' with type 'cmake' and name 'ros2_cpp'[0m
[1.385s] [34mcolcon.colcon_core.package_identification[0m [1;30mLevel 1[0m _identify(10.topic_practice) by extensions ['ignore', 'ignore_ament_install']
[1.386s] [34mcolcon.colcon_core.package_identification[0m [1;30mLevel 1[0m _identify(10.topic_practice) by extension 'ignore'
[1.386s] [34mcolcon.colcon_core.package_identification[0m [1;30mLevel 1[0m _identify(10.topic_practice) by extension 'ignore_ament_install'
[1.386s] [34mcolcon.colcon_core.package_identification[0m [1;30mLevel 1[0m _identify(10.topic_practice) by extensions ['colcon_pkg']
[1.387s] [34mcolcon.colcon_core.package_identification[0m [1;30mLevel 1[0m _identify(10.topic_practice) by extension 'colcon_pkg'
[1.387s] [34mcolcon.colcon_core.package_identification[0m [1;30mLevel 1[0m _identify(10.topic_practice) by extensions ['colcon_meta']
[1.387s] [34mcolcon.colcon_core.package_identification[0m [1;30mLevel 1[0m _identify(10.topic_practice) by extension 'colcon_meta'
[1.387s] [34mcolcon.colcon_core.package_identification[0m [1;30mLevel 1[0m _identify(10.topic_practice) by extensions ['ros']
[1.387s] [34mcolcon.colcon_core.package_identification[0m [1;30mLevel 1[0m _identify(10.topic_practice) by extension 'ros'
[1.388s] [34mcolcon.colcon_core.package_identification[0m [1;30mLevel 1[0m _identify(10.topic_practice) by extensions ['cmake', 'python']
[1.388s] [34mcolcon.colcon_core.package_identification[0m [1;30mLevel 1[0m _identify(10.topic_practice) by extension 'cmake'
[1.388s] [34mcolcon.colcon_core.package_identification[0m [1;30mLevel 1[0m _identify(10.topic_practice) by extension 'python'
[1.388s] [34mcolcon.colcon_core.package_identification[0m [1;30mLevel 1[0m _identify(10.topic_practice) by extensions ['python_setup_py']
[1.388s] [34mcolcon.colcon_core.package_identification[0m [1;30mLevel 1[0m _identify(10.topic_practice) by extension 'python_setup_py'
[1.389s] [34mcolcon.colcon_core.package_identification[0m [1;30mLevel 1[0m _identify(10.topic_practice/build) by extensions ['ignore', 'ignore_ament_install']
[1.389s] [34mcolcon.colcon_core.package_identification[0m [1;30mLevel 1[0m _identify(10.topic_practice/build) by extension 'ignore'
[1.389s] [34mcolcon.colcon_core.package_identification[0m [1;30mLevel 1[0m _identify(10.topic_practice/build) ignored
[1.390s] [34mcolcon.colcon_core.package_identification[0m [1;30mLevel 1[0m _identify(10.topic_practice/install) by extensions ['ignore', 'ignore_ament_install']
[1.390s] [34mcolcon.colcon_core.package_identification[0m [1;30mLevel 1[0m _identify(10.topic_practice/install) by extension 'ignore'
[1.390s] [34mcolcon.colcon_core.package_identification[0m [1;30mLevel 1[0m _identify(10.topic_practice/install) ignored
[1.390s] [34mcolcon.colcon_core.package_identification[0m [1;30mLevel 1[0m _identify(10.topic_practice/log) by extensions ['ignore', 'ignore_ament_install']
[1.391s] [34mcolcon.colcon_core.package_identification[0m [1;30mLevel 1[0m _identify(10.topic_practice/log) by extension 'ignore'
[1.391s] [34mcolcon.colcon_core.package_identification[0m [1;30mLevel 1[0m _identify(10.topic_practice/log) ignored
[1.391s] [34mcolcon.colcon_core.package_identification[0m [1;30mLevel 1[0m _identify(10.topic_practice/src) by extensions ['ignore', 'ignore_ament_install']
[1.391s] [34mcolcon.colcon_core.package_identification[0m [1;30mLevel 1[0m _identify(10.topic_practice/src) by extension 'ignore'
[1.392s] [34mcolcon.colcon_core.package_identification[0m [1;30mLevel 1[0m _identify(10.topic_practice/src) by extension 'ignore_ament_install'
[1.392s] [34mcolcon.colcon_core.package_identification[0m [1;30mLevel 1[0m _identify(10.topic_practice/src) by extensions ['colcon_pkg']
[1.392s] [34mcolcon.colcon_core.package_identification[0m [1;30mLevel 1[0m _identify(10.topic_practice/src) by extension 'colcon_pkg'
[1.392s] [34mcolcon.colcon_core.package_identification[0m [1;30mLevel 1[0m _identify(10.topic_practice/src) by extensions ['colcon_meta']
[1.392s] [34mcolcon.colcon_core.package_identification[0m [1;30mLevel 1[0m _identify(10.topic_practice/src) by extension 'colcon_meta'
[1.392s] [34mcolcon.colcon_core.package_identification[0m [1;30mLevel 1[0m _identify(10.topic_practice/src) by extensions ['ros']
[1.392s] [34mcolcon.colcon_core.package_identification[0m [1;30mLevel 1[0m _identify(10.topic_practice/src) by extension 'ros'
[1.393s] [34mcolcon.colcon_core.package_identification[0m [1;30mLevel 1[0m _identify(10.topic_practice/src) by extensions ['cmake', 'python']
[1.393s] [34mcolcon.colcon_core.package_identification[0m [1;30mLevel 1[0m _identify(10.topic_practice/src) by extension 'cmake'
[1.393s] [34mcolcon.colcon_core.package_identification[0m [1;30mLevel 1[0m _identify(10.topic_practice/src) by extension 'python'
[1.393s] [34mcolcon.colcon_core.package_identification[0m [1;30mLevel 1[0m _identify(10.topic_practice/src) by extensions ['python_setup_py']
[1.393s] [34mcolcon.colcon_core.package_identification[0m [1;30mLevel 1[0m _identify(10.topic_practice/src) by extension 'python_setup_py'
[1.393s] [34mcolcon.colcon_core.package_identification[0m [1;30mLevel 1[0m _identify(10.topic_practice/src/status_display) by extensions ['ignore', 'ignore_ament_install']
[1.394s] [34mcolcon.colcon_core.package_identification[0m [1;30mLevel 1[0m _identify(10.topic_practice/src/status_display) by extension 'ignore'
[1.394s] [34mcolcon.colcon_core.package_identification[0m [1;30mLevel 1[0m _identify(10.topic_practice/src/status_display) by extension 'ignore_ament_install'
[1.394s] [34mcolcon.colcon_core.package_identification[0m [1;30mLevel 1[0m _identify(10.topic_practice/src/status_display) by extensions ['colcon_pkg']
[1.394s] [34mcolcon.colcon_core.package_identification[0m [1;30mLevel 1[0m _identify(10.topic_practice/src/status_display) by extension 'colcon_pkg'
[1.394s] [34mcolcon.colcon_core.package_identification[0m [1;30mLevel 1[0m _identify(10.topic_practice/src/status_display) by extensions ['colcon_meta']
[1.395s] [34mcolcon.colcon_core.package_identification[0m [1;30mLevel 1[0m _identify(10.topic_practice/src/status_display) by extension 'colcon_meta'
[1.395s] [34mcolcon.colcon_core.package_identification[0m [1;30mLevel 1[0m _identify(10.topic_practice/src/status_display) by extensions ['ros']
[1.395s] [34mcolcon.colcon_core.package_identification[0m [1;30mLevel 1[0m _identify(10.topic_practice/src/status_display) by extension 'ros'
[1.406s] [34mcolcon.colcon_core.package_identification[0m [1;30mDEBUG[0m [32mPackage '10.topic_practice/src/status_display' with type 'ros.ament_cmake' and name 'status_display'[0m
[1.406s] [34mcolcon.colcon_core.package_identification[0m [1;30mLevel 1[0m _identify(10.topic_practice/src/status_interfaces) by extensions ['ignore', 'ignore_ament_install']
[1.407s] [34mcolcon.colcon_core.package_identification[0m [1;30mLevel 1[0m _identify(10.topic_practice/src/status_interfaces) by extension 'ignore'
[1.407s] [34mcolcon.colcon_core.package_identification[0m [1;30mLevel 1[0m _identify(10.topic_practice/src/status_interfaces) by extension 'ignore_ament_install'
[1.407s] [34mcolcon.colcon_core.package_identification[0m [1;30mLevel 1[0m _identify(10.topic_practice/src/status_interfaces) by extensions ['colcon_pkg']
[1.407s] [34mcolcon.colcon_core.package_identification[0m [1;30mLevel 1[0m _identify(10.topic_practice/src/status_interfaces) by extension 'colcon_pkg'
[1.408s] [34mcolcon.colcon_core.package_identification[0m [1;30mLevel 1[0m _identify(10.topic_practice/src/status_interfaces) by extensions ['colcon_meta']
[1.408s] [34mcolcon.colcon_core.package_identification[0m [1;30mLevel 1[0m _identify(10.topic_practice/src/status_interfaces) by extension 'colcon_meta'
[1.408s] [34mcolcon.colcon_core.package_identification[0m [1;30mLevel 1[0m _identify(10.topic_practice/src/status_interfaces) by extensions ['ros']
[1.408s] [34mcolcon.colcon_core.package_identification[0m [1;30mLevel 1[0m _identify(10.topic_practice/src/status_interfaces) by extension 'ros'
[1.411s] [34mcolcon.colcon_core.package_identification[0m [1;30mDEBUG[0m [32mPackage '10.topic_practice/src/status_interfaces' with type 'ros.ament_cmake' and name 'status_interfaces'[0m
[1.412s] [34mcolcon.colcon_core.package_identification[0m [1;30mLevel 1[0m _identify(10.topic_practice/src/status_publisher) by extensions ['ignore', 'ignore_ament_install']
[1.412s] [34mcolcon.colcon_core.package_identification[0m [1;30mLevel 1[0m _identify(10.topic_practice/src/status_publisher) by extension 'ignore'
[1.412s] [34mcolcon.colcon_core.package_identification[0m [1;30mLevel 1[0m _identify(10.topic_practice/src/status_publisher) by extension 'ignore_ament_install'
[1.413s] [34mcolcon.colcon_core.package_identification[0m [1;30mLevel 1[0m _identify(10.topic_practice/src/status_publisher) by extensions ['colcon_pkg']
[1.413s] [34mcolcon.colcon_core.package_identification[0m [1;30mLevel 1[0m _identify(10.topic_practice/src/status_publisher) by extension 'colcon_pkg'
[1.413s] [34mcolcon.colcon_core.package_identification[0m [1;30mLevel 1[0m _identify(10.topic_practice/src/status_publisher) by extensions ['colcon_meta']
[1.413s] [34mcolcon.colcon_core.package_identification[0m [1;30mLevel 1[0m _identify(10.topic_practice/src/status_publisher) by extension 'colcon_meta'
[1.413s] [34mcolcon.colcon_core.package_identification[0m [1;30mLevel 1[0m _identify(10.topic_practice/src/status_publisher) by extensions ['ros']
[1.413s] [34mcolcon.colcon_core.package_identification[0m [1;30mLevel 1[0m _identify(10.topic_practice/src/status_publisher) by extension 'ros'
[1.416s] [34mcolcon.colcon_core.package_identification[0m [1;30mDEBUG[0m [32mPackage '10.topic_practice/src/status_publisher' with type 'ros.ament_python' and name 'status_publisher'[0m
[1.416s] [34mcolcon.colcon_core.package_identification[0m [1;30mLevel 1[0m _identify(11.Face_Recognition) by extensions ['ignore', 'ignore_ament_install']
[1.416s] [34mcolcon.colcon_core.package_identification[0m [1;30mLevel 1[0m _identify(11.Face_Recognition) by extension 'ignore'
[1.417s] [34mcolcon.colcon_core.package_identification[0m [1;30mLevel 1[0m _identify(11.Face_Recognition) by extension 'ignore_ament_install'
[1.417s] [34mcolcon.colcon_core.package_identification[0m [1;30mLevel 1[0m _identify(11.Face_Recognition) by extensions ['colcon_pkg']
[1.417s] [34mcolcon.colcon_core.package_identification[0m [1;30mLevel 1[0m _identify(11.Face_Recognition) by extension 'colcon_pkg'
[1.417s] [34mcolcon.colcon_core.package_identification[0m [1;30mLevel 1[0m _identify(11.Face_Recognition) by extensions ['colcon_meta']
[1.417s] [34mcolcon.colcon_core.package_identification[0m [1;30mLevel 1[0m _identify(11.Face_Recognition) by extension 'colcon_meta'
[1.417s] [34mcolcon.colcon_core.package_identification[0m [1;30mLevel 1[0m _identify(11.Face_Recognition) by extensions ['ros']
[1.417s] [34mcolcon.colcon_core.package_identification[0m [1;30mLevel 1[0m _identify(11.Face_Recognition) by extension 'ros'
[1.418s] [34mcolcon.colcon_core.package_identification[0m [1;30mLevel 1[0m _identify(11.Face_Recognition) by extensions ['cmake', 'python']
[1.418s] [34mcolcon.colcon_core.package_identification[0m [1;30mLevel 1[0m _identify(11.Face_Recognition) by extension 'cmake'
[1.418s] [34mcolcon.colcon_core.package_identification[0m [1;30mLevel 1[0m _identify(11.Face_Recognition) by extension 'python'
[1.418s] [34mcolcon.colcon_core.package_identification[0m [1;30mLevel 1[0m _identify(11.Face_Recognition) by extensions ['python_setup_py']
[1.418s] [34mcolcon.colcon_core.package_identification[0m [1;30mLevel 1[0m _identify(11.Face_Recognition) by extension 'python_setup_py'
[1.418s] [34mcolcon.colcon_core.package_identification[0m [1;30mLevel 1[0m _identify(11.Face_Recognition/build) by extensions ['ignore', 'ignore_ament_install']
[1.419s] [34mcolcon.colcon_core.package_identification[0m [1;30mLevel 1[0m _identify(11.Face_Recognition/build) by extension 'ignore'
[1.419s] [34mcolcon.colcon_core.package_identification[0m [1;30mLevel 1[0m _identify(11.Face_Recognition/build) ignored
[1.419s] [34mcolcon.colcon_core.package_identification[0m [1;30mLevel 1[0m _identify(11.Face_Recognition/install) by extensions ['ignore', 'ignore_ament_install']
[1.419s] [34mcolcon.colcon_core.package_identification[0m [1;30mLevel 1[0m _identify(11.Face_Recognition/install) by extension 'ignore'
[1.419s] [34mcolcon.colcon_core.package_identification[0m [1;30mLevel 1[0m _identify(11.Face_Recognition/install) ignored
[1.420s] [34mcolcon.colcon_core.package_identification[0m [1;30mLevel 1[0m _identify(11.Face_Recognition/log) by extensions ['ignore', 'ignore_ament_install']
[1.420s] [34mcolcon.colcon_core.package_identification[0m [1;30mLevel 1[0m _identify(11.Face_Recognition/log) by extension 'ignore'
[1.420s] [34mcolcon.colcon_core.package_identification[0m [1;30mLevel 1[0m _identify(11.Face_Recognition/log) ignored
[1.420s] [34mcolcon.colcon_core.package_identification[0m [1;30mLevel 1[0m _identify(11.Face_Recognition/src) by extensions ['ignore', 'ignore_ament_install']
[1.420s] [34mcolcon.colcon_core.package_identification[0m [1;30mLevel 1[0m _identify(11.Face_Recognition/src) by extension 'ignore'
[1.421s] [34mcolcon.colcon_core.package_identification[0m [1;30mLevel 1[0m _identify(11.Face_Recognition/src) by extension 'ignore_ament_install'
[1.421s] [34mcolcon.colcon_core.package_identification[0m [1;30mLevel 1[0m _identify(11.Face_Recognition/src) by extensions ['colcon_pkg']
[1.421s] [34mcolcon.colcon_core.package_identification[0m [1;30mLevel 1[0m _identify(11.Face_Recognition/src) by extension 'colcon_pkg'
[1.421s] [34mcolcon.colcon_core.package_identification[0m [1;30mLevel 1[0m _identify(11.Face_Recognition/src) by extensions ['colcon_meta']
[1.421s] [34mcolcon.colcon_core.package_identification[0m [1;30mLevel 1[0m _identify(11.Face_Recognition/src) by extension 'colcon_meta'
[1.421s] [34mcolcon.colcon_core.package_identification[0m [1;30mLevel 1[0m _identify(11.Face_Recognition/src) by extensions ['ros']
[1.421s] [34mcolcon.colcon_core.package_identification[0m [1;30mLevel 1[0m _identify(11.Face_Recognition/src) by extension 'ros'
[1.422s] [34mcolcon.colcon_core.package_identification[0m [1;30mLevel 1[0m _identify(11.Face_Recognition/src) by extensions ['cmake', 'python']
[1.422s] [34mcolcon.colcon_core.package_identification[0m [1;30mLevel 1[0m _identify(11.Face_Recognition/src) by extension 'cmake'
[1.422s] [34mcolcon.colcon_core.package_identification[0m [1;30mLevel 1[0m _identify(11.Face_Recognition/src) by extension 'python'
[1.422s] [34mcolcon.colcon_core.package_identification[0m [1;30mLevel 1[0m _identify(11.Face_Recognition/src) by extensions ['python_setup_py']
[1.422s] [34mcolcon.colcon_core.package_identification[0m [1;30mLevel 1[0m _identify(11.Face_Recognition/src) by extension 'python_setup_py'
[1.422s] [34mcolcon.colcon_core.package_identification[0m [1;30mLevel 1[0m _identify(11.Face_Recognition/src/demo_python_service) by extensions ['ignore', 'ignore_ament_install']
[1.422s] [34mcolcon.colcon_core.package_identification[0m [1;30mLevel 1[0m _identify(11.Face_Recognition/src/demo_python_service) by extension 'ignore'
[1.423s] [34mcolcon.colcon_core.package_identification[0m [1;30mLevel 1[0m _identify(11.Face_Recognition/src/demo_python_service) by extension 'ignore_ament_install'
[1.423s] [34mcolcon.colcon_core.package_identification[0m [1;30mLevel 1[0m _identify(11.Face_Recognition/src/demo_python_service) by extensions ['colcon_pkg']
[1.423s] [34mcolcon.colcon_core.package_identification[0m [1;30mLevel 1[0m _identify(11.Face_Recognition/src/demo_python_service) by extension 'colcon_pkg'
[1.423s] [34mcolcon.colcon_core.package_identification[0m [1;30mLevel 1[0m _identify(11.Face_Recognition/src/demo_python_service) by extensions ['colcon_meta']
[1.423s] [34mcolcon.colcon_core.package_identification[0m [1;30mLevel 1[0m _identify(11.Face_Recognition/src/demo_python_service) by extension 'colcon_meta'
[1.423s] [34mcolcon.colcon_core.package_identification[0m [1;30mLevel 1[0m _identify(11.Face_Recognition/src/demo_python_service) by extensions ['ros']
[1.423s] [34mcolcon.colcon_core.package_identification[0m [1;30mLevel 1[0m _identify(11.Face_Recognition/src/demo_python_service) by extension 'ros'
[1.426s] [34mcolcon.colcon_core.package_identification[0m [1;30mDEBUG[0m [32mPackage '11.Face_Recognition/src/demo_python_service' with type 'ros.ament_python' and name 'demo_python_service'[0m
[1.427s] [34mcolcon.colcon_core.package_identification[0m [1;30mLevel 1[0m _identify(11.Face_Recognition/src/face_interfaces) by extensions ['ignore', 'ignore_ament_install']
[1.427s] [34mcolcon.colcon_core.package_identification[0m [1;30mLevel 1[0m _identify(11.Face_Recognition/src/face_interfaces) by extension 'ignore'
[1.427s] [34mcolcon.colcon_core.package_identification[0m [1;30mLevel 1[0m _identify(11.Face_Recognition/src/face_interfaces) by extension 'ignore_ament_install'
[1.428s] [34mcolcon.colcon_core.package_identification[0m [1;30mLevel 1[0m _identify(11.Face_Recognition/src/face_interfaces) by extensions ['colcon_pkg']
[1.428s] [34mcolcon.colcon_core.package_identification[0m [1;30mLevel 1[0m _identify(11.Face_Recognition/src/face_interfaces) by extension 'colcon_pkg'
[1.428s] [34mcolcon.colcon_core.package_identification[0m [1;30mLevel 1[0m _identify(11.Face_Recognition/src/face_interfaces) by extensions ['colcon_meta']
[1.428s] [34mcolcon.colcon_core.package_identification[0m [1;30mLevel 1[0m _identify(11.Face_Recognition/src/face_interfaces) by extension 'colcon_meta'
[1.428s] [34mcolcon.colcon_core.package_identification[0m [1;30mLevel 1[0m _identify(11.Face_Recognition/src/face_interfaces) by extensions ['ros']
[1.428s] [34mcolcon.colcon_core.package_identification[0m [1;30mLevel 1[0m _identify(11.Face_Recognition/src/face_interfaces) by extension 'ros'
[1.431s] [34mcolcon.colcon_core.package_identification[0m [1;30mDEBUG[0m [32mPackage '11.Face_Recognition/src/face_interfaces' with type 'ros.ament_cmake' and name 'face_interfaces'[0m
[1.432s] [34mcolcon.colcon_core.package_identification[0m [1;30mLevel 1[0m _identify(12.turtle_control) by extensions ['ignore', 'ignore_ament_install']
[1.432s] [34mcolcon.colcon_core.package_identification[0m [1;30mLevel 1[0m _identify(12.turtle_control) by extension 'ignore'
[1.432s] [34mcolcon.colcon_core.package_identification[0m [1;30mLevel 1[0m _identify(12.turtle_control) by extension 'ignore_ament_install'
[1.432s] [34mcolcon.colcon_core.package_identification[0m [1;30mLevel 1[0m _identify(12.turtle_control) by extensions ['colcon_pkg']
[1.433s] [34mcolcon.colcon_core.package_identification[0m [1;30mLevel 1[0m _identify(12.turtle_control) by extension 'colcon_pkg'
[1.433s] [34mcolcon.colcon_core.package_identification[0m [1;30mLevel 1[0m _identify(12.turtle_control) by extensions ['colcon_meta']
[1.433s] [34mcolcon.colcon_core.package_identification[0m [1;30mLevel 1[0m _identify(12.turtle_control) by extension 'colcon_meta'
[1.433s] [34mcolcon.colcon_core.package_identification[0m [1;30mLevel 1[0m _identify(12.turtle_control) by extensions ['ros']
[1.433s] [34mcolcon.colcon_core.package_identification[0m [1;30mLevel 1[0m _identify(12.turtle_control) by extension 'ros'
[1.433s] [34mcolcon.colcon_core.package_identification[0m [1;30mLevel 1[0m _identify(12.turtle_control) by extensions ['cmake', 'python']
[1.433s] [34mcolcon.colcon_core.package_identification[0m [1;30mLevel 1[0m _identify(12.turtle_control) by extension 'cmake'
[1.433s] [34mcolcon.colcon_core.package_identification[0m [1;30mLevel 1[0m _identify(12.turtle_control) by extension 'python'
[1.433s] [34mcolcon.colcon_core.package_identification[0m [1;30mLevel 1[0m _identify(12.turtle_control) by extensions ['python_setup_py']
[1.433s] [34mcolcon.colcon_core.package_identification[0m [1;30mLevel 1[0m _identify(12.turtle_control) by extension 'python_setup_py'
[1.434s] [34mcolcon.colcon_core.package_identification[0m [1;30mLevel 1[0m _identify(12.turtle_control/build) by extensions ['ignore', 'ignore_ament_install']
[1.434s] [34mcolcon.colcon_core.package_identification[0m [1;30mLevel 1[0m _identify(12.turtle_control/build) by extension 'ignore'
[1.434s] [34mcolcon.colcon_core.package_identification[0m [1;30mLevel 1[0m _identify(12.turtle_control/build) ignored
[1.434s] [34mcolcon.colcon_core.package_identification[0m [1;30mLevel 1[0m _identify(12.turtle_control/install) by extensions ['ignore', 'ignore_ament_install']
[1.435s] [34mcolcon.colcon_core.package_identification[0m [1;30mLevel 1[0m _identify(12.turtle_control/install) by extension 'ignore'
[1.435s] [34mcolcon.colcon_core.package_identification[0m [1;30mLevel 1[0m _identify(12.turtle_control/install) ignored
[1.435s] [34mcolcon.colcon_core.package_identification[0m [1;30mLevel 1[0m _identify(12.turtle_control/log) by extensions ['ignore', 'ignore_ament_install']
[1.435s] [34mcolcon.colcon_core.package_identification[0m [1;30mLevel 1[0m _identify(12.turtle_control/log) by extension 'ignore'
[1.435s] [34mcolcon.colcon_core.package_identification[0m [1;30mLevel 1[0m _identify(12.turtle_control/log) ignored
[1.435s] [34mcolcon.colcon_core.package_identification[0m [1;30mLevel 1[0m _identify(12.turtle_control/src) by extensions ['ignore', 'ignore_ament_install']
[1.436s] [34mcolcon.colcon_core.package_identification[0m [1;30mLevel 1[0m _identify(12.turtle_control/src) by extension 'ignore'
[1.436s] [34mcolcon.colcon_core.package_identification[0m [1;30mLevel 1[0m _identify(12.turtle_control/src) by extension 'ignore_ament_install'
[1.436s] [34mcolcon.colcon_core.package_identification[0m [1;30mLevel 1[0m _identify(12.turtle_control/src) by extensions ['colcon_pkg']
[1.436s] [34mcolcon.colcon_core.package_identification[0m [1;30mLevel 1[0m _identify(12.turtle_control/src) by extension 'colcon_pkg'
[1.436s] [34mcolcon.colcon_core.package_identification[0m [1;30mLevel 1[0m _identify(12.turtle_control/src) by extensions ['colcon_meta']
[1.436s] [34mcolcon.colcon_core.package_identification[0m [1;30mLevel 1[0m _identify(12.turtle_control/src) by extension 'colcon_meta'
[1.436s] [34mcolcon.colcon_core.package_identification[0m [1;30mLevel 1[0m _identify(12.turtle_control/src) by extensions ['ros']
[1.436s] [34mcolcon.colcon_core.package_identification[0m [1;30mLevel 1[0m _identify(12.turtle_control/src) by extension 'ros'
[1.437s] [34mcolcon.colcon_core.package_identification[0m [1;30mLevel 1[0m _identify(12.turtle_control/src) by extensions ['cmake', 'python']
[1.437s] [34mcolcon.colcon_core.package_identification[0m [1;30mLevel 1[0m _identify(12.turtle_control/src) by extension 'cmake'
[1.437s] [34mcolcon.colcon_core.package_identification[0m [1;30mLevel 1[0m _identify(12.turtle_control/src) by extension 'python'
[1.437s] [34mcolcon.colcon_core.package_identification[0m [1;30mLevel 1[0m _identify(12.turtle_control/src) by extensions ['python_setup_py']
[1.437s] [34mcolcon.colcon_core.package_identification[0m [1;30mLevel 1[0m _identify(12.turtle_control/src) by extension 'python_setup_py'
[1.437s] [34mcolcon.colcon_core.package_identification[0m [1;30mLevel 1[0m _identify(12.turtle_control/src/demo_cpp_turtle_control_service) by extensions ['ignore', 'ignore_ament_install']
[1.437s] [34mcolcon.colcon_core.package_identification[0m [1;30mLevel 1[0m _identify(12.turtle_control/src/demo_cpp_turtle_control_service) by extension 'ignore'
[1.438s] [34mcolcon.colcon_core.package_identification[0m [1;30mLevel 1[0m _identify(12.turtle_control/src/demo_cpp_turtle_control_service) by extension 'ignore_ament_install'
[1.438s] [34mcolcon.colcon_core.package_identification[0m [1;30mLevel 1[0m _identify(12.turtle_control/src/demo_cpp_turtle_control_service) by extensions ['colcon_pkg']
[1.438s] [34mcolcon.colcon_core.package_identification[0m [1;30mLevel 1[0m _identify(12.turtle_control/src/demo_cpp_turtle_control_service) by extension 'colcon_pkg'
[1.438s] [34mcolcon.colcon_core.package_identification[0m [1;30mLevel 1[0m _identify(12.turtle_control/src/demo_cpp_turtle_control_service) by extensions ['colcon_meta']
[1.438s] [34mcolcon.colcon_core.package_identification[0m [1;30mLevel 1[0m _identify(12.turtle_control/src/demo_cpp_turtle_control_service) by extension 'colcon_meta'
[1.438s] [34mcolcon.colcon_core.package_identification[0m [1;30mLevel 1[0m _identify(12.turtle_control/src/demo_cpp_turtle_control_service) by extensions ['ros']
[1.438s] [34mcolcon.colcon_core.package_identification[0m [1;30mLevel 1[0m _identify(12.turtle_control/src/demo_cpp_turtle_control_service) by extension 'ros'
[1.441s] [34mcolcon.colcon_core.package_identification[0m [1;30mDEBUG[0m [32mPackage '12.turtle_control/src/demo_cpp_turtle_control_service' with type 'ros.ament_cmake' and name 'demo_cpp_turtle_control_service'[0m
[1.441s] [34mcolcon.colcon_core.package_identification[0m [1;30mLevel 1[0m _identify(12.turtle_control/src/turtle_control_interfaces) by extensions ['ignore', 'ignore_ament_install']
[1.442s] [34mcolcon.colcon_core.package_identification[0m [1;30mLevel 1[0m _identify(12.turtle_control/src/turtle_control_interfaces) by extension 'ignore'
[1.442s] [34mcolcon.colcon_core.package_identification[0m [1;30mLevel 1[0m _identify(12.turtle_control/src/turtle_control_interfaces) by extension 'ignore_ament_install'
[1.442s] [34mcolcon.colcon_core.package_identification[0m [1;30mLevel 1[0m _identify(12.turtle_control/src/turtle_control_interfaces) by extensions ['colcon_pkg']
[1.442s] [34mcolcon.colcon_core.package_identification[0m [1;30mLevel 1[0m _identify(12.turtle_control/src/turtle_control_interfaces) by extension 'colcon_pkg'
[1.442s] [34mcolcon.colcon_core.package_identification[0m [1;30mLevel 1[0m _identify(12.turtle_control/src/turtle_control_interfaces) by extensions ['colcon_meta']
[1.442s] [34mcolcon.colcon_core.package_identification[0m [1;30mLevel 1[0m _identify(12.turtle_control/src/turtle_control_interfaces) by extension 'colcon_meta'
[1.442s] [34mcolcon.colcon_core.package_identification[0m [1;30mLevel 1[0m _identify(12.turtle_control/src/turtle_control_interfaces) by extensions ['ros']
[1.442s] [34mcolcon.colcon_core.package_identification[0m [1;30mLevel 1[0m _identify(12.turtle_control/src/turtle_control_interfaces) by extension 'ros'
[1.445s] [34mcolcon.colcon_core.package_identification[0m [1;30mDEBUG[0m [32mPackage '12.turtle_control/src/turtle_control_interfaces' with type 'ros.ament_cmake' and name 'turtle_control_interfaces'[0m
[1.445s] [34mcolcon.colcon_core.package_identification[0m [1;30mLevel 1[0m _identify(13.Parameter_Python) by extensions ['ignore', 'ignore_ament_install']
[1.445s] [34mcolcon.colcon_core.package_identification[0m [1;30mLevel 1[0m _identify(13.Parameter_Python) by extension 'ignore'
[1.446s] [34mcolcon.colcon_core.package_identification[0m [1;30mLevel 1[0m _identify(13.Parameter_Python) by extension 'ignore_ament_install'
[1.446s] [34mcolcon.colcon_core.package_identification[0m [1;30mLevel 1[0m _identify(13.Parameter_Python) by extensions ['colcon_pkg']
[1.446s] [34mcolcon.colcon_core.package_identification[0m [1;30mLevel 1[0m _identify(13.Parameter_Python) by extension 'colcon_pkg'
[1.446s] [34mcolcon.colcon_core.package_identification[0m [1;30mLevel 1[0m _identify(13.Parameter_Python) by extensions ['colcon_meta']
[1.446s] [34mcolcon.colcon_core.package_identification[0m [1;30mLevel 1[0m _identify(13.Parameter_Python) by extension 'colcon_meta'
[1.446s] [34mcolcon.colcon_core.package_identification[0m [1;30mLevel 1[0m _identify(13.Parameter_Python) by extensions ['ros']
[1.446s] [34mcolcon.colcon_core.package_identification[0m [1;30mLevel 1[0m _identify(13.Parameter_Python) by extension 'ros'
[1.446s] [34mcolcon.colcon_core.package_identification[0m [1;30mLevel 1[0m _identify(13.Parameter_Python) by extensions ['cmake', 'python']
[1.447s] [34mcolcon.colcon_core.package_identification[0m [1;30mLevel 1[0m _identify(13.Parameter_Python) by extension 'cmake'
[1.447s] [34mcolcon.colcon_core.package_identification[0m [1;30mLevel 1[0m _identify(13.Parameter_Python) by extension 'python'
[1.447s] [34mcolcon.colcon_core.package_identification[0m [1;30mLevel 1[0m _identify(13.Parameter_Python) by extensions ['python_setup_py']
[1.447s] [34mcolcon.colcon_core.package_identification[0m [1;30mLevel 1[0m _identify(13.Parameter_Python) by extension 'python_setup_py'
[1.447s] [34mcolcon.colcon_core.package_identification[0m [1;30mLevel 1[0m _identify(13.Parameter_Python/src) by extensions ['ignore', 'ignore_ament_install']
[1.447s] [34mcolcon.colcon_core.package_identification[0m [1;30mLevel 1[0m _identify(13.Parameter_Python/src) by extension 'ignore'
[1.447s] [34mcolcon.colcon_core.package_identification[0m [1;30mLevel 1[0m _identify(13.Parameter_Python/src) by extension 'ignore_ament_install'
[1.448s] [34mcolcon.colcon_core.package_identification[0m [1;30mLevel 1[0m _identify(13.Parameter_Python/src) by extensions ['colcon_pkg']
[1.448s] [34mcolcon.colcon_core.package_identification[0m [1;30mLevel 1[0m _identify(13.Parameter_Python/src) by extension 'colcon_pkg'
[1.448s] [34mcolcon.colcon_core.package_identification[0m [1;30mLevel 1[0m _identify(13.Parameter_Python/src) by extensions ['colcon_meta']
[1.448s] [34mcolcon.colcon_core.package_identification[0m [1;30mLevel 1[0m _identify(13.Parameter_Python/src) by extension 'colcon_meta'
[1.448s] [34mcolcon.colcon_core.package_identification[0m [1;30mLevel 1[0m _identify(13.Parameter_Python/src) by extensions ['ros']
[1.448s] [34mcolcon.colcon_core.package_identification[0m [1;30mLevel 1[0m _identify(13.Parameter_Python/src) by extension 'ros'
[1.448s] [34mcolcon.colcon_core.package_identification[0m [1;30mLevel 1[0m _identify(13.Parameter_Python/src) by extensions ['cmake', 'python']
[1.448s] [34mcolcon.colcon_core.package_identification[0m [1;30mLevel 1[0m _identify(13.Parameter_Python/src) by extension 'cmake'
[1.448s] [34mcolcon.colcon_core.package_identification[0m [1;30mLevel 1[0m _identify(13.Parameter_Python/src) by extension 'python'
[1.448s] [34mcolcon.colcon_core.package_identification[0m [1;30mLevel 1[0m _identify(13.Parameter_Python/src) by extensions ['python_setup_py']
[1.449s] [34mcolcon.colcon_core.package_identification[0m [1;30mLevel 1[0m _identify(13.Parameter_Python/src) by extension 'python_setup_py'
[1.449s] [34mcolcon.colcon_core.package_identification[0m [1;30mLevel 1[0m _identify(13.Parameter_Python/src/demo_python_service) by extensions ['ignore', 'ignore_ament_install']
[1.449s] [34mcolcon.colcon_core.package_identification[0m [1;30mLevel 1[0m _identify(13.Parameter_Python/src/demo_python_service) by extension 'ignore'
[1.449s] [34mcolcon.colcon_core.package_identification[0m [1;30mLevel 1[0m _identify(13.Parameter_Python/src/demo_python_service) by extension 'ignore_ament_install'
[1.449s] [34mcolcon.colcon_core.package_identification[0m [1;30mLevel 1[0m _identify(13.Parameter_Python/src/demo_python_service) by extensions ['colcon_pkg']
[1.449s] [34mcolcon.colcon_core.package_identification[0m [1;30mLevel 1[0m _identify(13.Parameter_Python/src/demo_python_service) by extension 'colcon_pkg'
[1.449s] [34mcolcon.colcon_core.package_identification[0m [1;30mLevel 1[0m _identify(13.Parameter_Python/src/demo_python_service) by extensions ['colcon_meta']
[1.449s] [34mcolcon.colcon_core.package_identification[0m [1;30mLevel 1[0m _identify(13.Parameter_Python/src/demo_python_service) by extension 'colcon_meta'
[1.450s] [34mcolcon.colcon_core.package_identification[0m [1;30mLevel 1[0m _identify(13.Parameter_Python/src/demo_python_service) by extensions ['ros']
[1.450s] [34mcolcon.colcon_core.package_identification[0m [1;30mLevel 1[0m _identify(13.Parameter_Python/src/demo_python_service) by extension 'ros'
[1.452s] [34mcolcon.colcon_core.package_identification[0m [1;30mDEBUG[0m [32mPackage '13.Parameter_Python/src/demo_python_service' with type 'ros.ament_python' and name 'demo_python_service'[0m
[1.452s] [34mcolcon.colcon_core.package_identification[0m [1;30mLevel 1[0m _identify(13.Parameter_Python/src/face_interfaces) by extensions ['ignore', 'ignore_ament_install']
[1.453s] [34mcolcon.colcon_core.package_identification[0m [1;30mLevel 1[0m _identify(13.Parameter_Python/src/face_interfaces) by extension 'ignore'
[1.453s] [34mcolcon.colcon_core.package_identification[0m [1;30mLevel 1[0m _identify(13.Parameter_Python/src/face_interfaces) by extension 'ignore_ament_install'
[1.453s] [34mcolcon.colcon_core.package_identification[0m [1;30mLevel 1[0m _identify(13.Parameter_Python/src/face_interfaces) by extensions ['colcon_pkg']
[1.453s] [34mcolcon.colcon_core.package_identification[0m [1;30mLevel 1[0m _identify(13.Parameter_Python/src/face_interfaces) by extension 'colcon_pkg'
[1.453s] [34mcolcon.colcon_core.package_identification[0m [1;30mLevel 1[0m _identify(13.Parameter_Python/src/face_interfaces) by extensions ['colcon_meta']
[1.453s] [34mcolcon.colcon_core.package_identification[0m [1;30mLevel 1[0m _identify(13.Parameter_Python/src/face_interfaces) by extension 'colcon_meta'
[1.453s] [34mcolcon.colcon_core.package_identification[0m [1;30mLevel 1[0m _identify(13.Parameter_Python/src/face_interfaces) by extensions ['ros']
[1.454s] [34mcolcon.colcon_core.package_identification[0m [1;30mLevel 1[0m _identify(13.Parameter_Python/src/face_interfaces) by extension 'ros'
[1.456s] [34mcolcon.colcon_core.package_identification[0m [1;30mDEBUG[0m [32mPackage '13.Parameter_Python/src/face_interfaces' with type 'ros.ament_cmake' and name 'face_interfaces'[0m
[1.456s] [34mcolcon.colcon_core.package_identification[0m [1;30mLevel 1[0m _identify(2.cpp_pkg) by extensions ['ignore', 'ignore_ament_install']
[1.457s] [34mcolcon.colcon_core.package_identification[0m [1;30mLevel 1[0m _identify(2.cpp_pkg) by extension 'ignore'
[1.457s] [34mcolcon.colcon_core.package_identification[0m [1;30mLevel 1[0m _identify(2.cpp_pkg) by extension 'ignore_ament_install'
[1.457s] [34mcolcon.colcon_core.package_identification[0m [1;30mLevel 1[0m _identify(2.cpp_pkg) by extensions ['colcon_pkg']
[1.457s] [34mcolcon.colcon_core.package_identification[0m [1;30mLevel 1[0m _identify(2.cpp_pkg) by extension 'colcon_pkg'
[1.457s] [34mcolcon.colcon_core.package_identification[0m [1;30mLevel 1[0m _identify(2.cpp_pkg) by extensions ['colcon_meta']
[1.457s] [34mcolcon.colcon_core.package_identification[0m [1;30mLevel 1[0m _identify(2.cpp_pkg) by extension 'colcon_meta'
[1.457s] [34mcolcon.colcon_core.package_identification[0m [1;30mLevel 1[0m _identify(2.cpp_pkg) by extensions ['ros']
[1.457s] [34mcolcon.colcon_core.package_identification[0m [1;30mLevel 1[0m _identify(2.cpp_pkg) by extension 'ros'
[1.458s] [34mcolcon.colcon_core.package_identification[0m [1;30mLevel 1[0m _identify(2.cpp_pkg) by extensions ['cmake', 'python']
[1.458s] [34mcolcon.colcon_core.package_identification[0m [1;30mLevel 1[0m _identify(2.cpp_pkg) by extension 'cmake'
[1.458s] [34mcolcon.colcon_core.package_identification[0m [1;30mLevel 1[0m _identify(2.cpp_pkg) by extension 'python'
[1.458s] [34mcolcon.colcon_core.package_identification[0m [1;30mLevel 1[0m _identify(2.cpp_pkg) by extensions ['python_setup_py']
[1.458s] [34mcolcon.colcon_core.package_identification[0m [1;30mLevel 1[0m _identify(2.cpp_pkg) by extension 'python_setup_py'
[1.458s] [34mcolcon.colcon_core.package_identification[0m [1;30mLevel 1[0m _identify(2.cpp_pkg/build) by extensions ['ignore', 'ignore_ament_install']
[1.458s] [34mcolcon.colcon_core.package_identification[0m [1;30mLevel 1[0m _identify(2.cpp_pkg/build) by extension 'ignore'
[1.458s] [34mcolcon.colcon_core.package_identification[0m [1;30mLevel 1[0m _identify(2.cpp_pkg/build) ignored
[1.459s] [34mcolcon.colcon_core.package_identification[0m [1;30mLevel 1[0m _identify(2.cpp_pkg/demo_cpp_pkg) by extensions ['ignore', 'ignore_ament_install']
[1.459s] [34mcolcon.colcon_core.package_identification[0m [1;30mLevel 1[0m _identify(2.cpp_pkg/demo_cpp_pkg) by extension 'ignore'
[1.459s] [34mcolcon.colcon_core.package_identification[0m [1;30mLevel 1[0m _identify(2.cpp_pkg/demo_cpp_pkg) by extension 'ignore_ament_install'
[1.459s] [34mcolcon.colcon_core.package_identification[0m [1;30mLevel 1[0m _identify(2.cpp_pkg/demo_cpp_pkg) by extensions ['colcon_pkg']
[1.459s] [34mcolcon.colcon_core.package_identification[0m [1;30mLevel 1[0m _identify(2.cpp_pkg/demo_cpp_pkg) by extension 'colcon_pkg'
[1.459s] [34mcolcon.colcon_core.package_identification[0m [1;30mLevel 1[0m _identify(2.cpp_pkg/demo_cpp_pkg) by extensions ['colcon_meta']
[1.459s] [34mcolcon.colcon_core.package_identification[0m [1;30mLevel 1[0m _identify(2.cpp_pkg/demo_cpp_pkg) by extension 'colcon_meta'
[1.459s] [34mcolcon.colcon_core.package_identification[0m [1;30mLevel 1[0m _identify(2.cpp_pkg/demo_cpp_pkg) by extensions ['ros']
[1.459s] [34mcolcon.colcon_core.package_identification[0m [1;30mLevel 1[0m _identify(2.cpp_pkg/demo_cpp_pkg) by extension 'ros'
[1.461s] [34mcolcon.colcon_core.package_identification[0m [1;30mDEBUG[0m [32mPackage '2.cpp_pkg/demo_cpp_pkg' with type 'ros.ament_cmake' and name 'demo_cpp_pkg'[0m
[1.462s] [34mcolcon.colcon_core.package_identification[0m [1;30mLevel 1[0m _identify(2.cpp_pkg/install) by extensions ['ignore', 'ignore_ament_install']
[1.462s] [34mcolcon.colcon_core.package_identification[0m [1;30mLevel 1[0m _identify(2.cpp_pkg/install) by extension 'ignore'
[1.462s] [34mcolcon.colcon_core.package_identification[0m [1;30mLevel 1[0m _identify(2.cpp_pkg/install) ignored
[1.463s] [34mcolcon.colcon_core.package_identification[0m [1;30mLevel 1[0m _identify(2.cpp_pkg/log) by extensions ['ignore', 'ignore_ament_install']
[1.463s] [34mcolcon.colcon_core.package_identification[0m [1;30mLevel 1[0m _identify(2.cpp_pkg/log) by extension 'ignore'
[1.463s] [34mcolcon.colcon_core.package_identification[0m [1;30mLevel 1[0m _identify(2.cpp_pkg/log) ignored
[1.463s] [34mcolcon.colcon_core.package_identification[0m [1;30mLevel 1[0m _identify(2.python_pkg) by extensions ['ignore', 'ignore_ament_install']
[1.463s] [34mcolcon.colcon_core.package_identification[0m [1;30mLevel 1[0m _identify(2.python_pkg) by extension 'ignore'
[1.463s] [34mcolcon.colcon_core.package_identification[0m [1;30mLevel 1[0m _identify(2.python_pkg) by extension 'ignore_ament_install'
[1.463s] [34mcolcon.colcon_core.package_identification[0m [1;30mLevel 1[0m _identify(2.python_pkg) by extensions ['colcon_pkg']
[1.464s] [34mcolcon.colcon_core.package_identification[0m [1;30mLevel 1[0m _identify(2.python_pkg) by extension 'colcon_pkg'
[1.464s] [34mcolcon.colcon_core.package_identification[0m [1;30mLevel 1[0m _identify(2.python_pkg) by extensions ['colcon_meta']
[1.464s] [34mcolcon.colcon_core.package_identification[0m [1;30mLevel 1[0m _identify(2.python_pkg) by extension 'colcon_meta'
[1.464s] [34mcolcon.colcon_core.package_identification[0m [1;30mLevel 1[0m _identify(2.python_pkg) by extensions ['ros']
[1.464s] [34mcolcon.colcon_core.package_identification[0m [1;30mLevel 1[0m _identify(2.python_pkg) by extension 'ros'
[1.464s] [34mcolcon.colcon_core.package_identification[0m [1;30mLevel 1[0m _identify(2.python_pkg) by extensions ['cmake', 'python']
[1.464s] [34mcolcon.colcon_core.package_identification[0m [1;30mLevel 1[0m _identify(2.python_pkg) by extension 'cmake'
[1.464s] [34mcolcon.colcon_core.package_identification[0m [1;30mLevel 1[0m _identify(2.python_pkg) by extension 'python'
[1.464s] [34mcolcon.colcon_core.package_identification[0m [1;30mLevel 1[0m _identify(2.python_pkg) by extensions ['python_setup_py']
[1.464s] [34mcolcon.colcon_core.package_identification[0m [1;30mLevel 1[0m _identify(2.python_pkg) by extension 'python_setup_py'
[1.464s] [34mcolcon.colcon_core.package_identification[0m [1;30mLevel 1[0m _identify(2.python_pkg/build) by extensions ['ignore', 'ignore_ament_install']
[1.465s] [34mcolcon.colcon_core.package_identification[0m [1;30mLevel 1[0m _identify(2.python_pkg/build) by extension 'ignore'
[1.465s] [34mcolcon.colcon_core.package_identification[0m [1;30mLevel 1[0m _identify(2.python_pkg/build) ignored
[1.465s] [34mcolcon.colcon_core.package_identification[0m [1;30mLevel 1[0m _identify(2.python_pkg/demo_python_pkg) by extensions ['ignore', 'ignore_ament_install']
[1.465s] [34mcolcon.colcon_core.package_identification[0m [1;30mLevel 1[0m _identify(2.python_pkg/demo_python_pkg) by extension 'ignore'
[1.465s] [34mcolcon.colcon_core.package_identification[0m [1;30mLevel 1[0m _identify(2.python_pkg/demo_python_pkg) by extension 'ignore_ament_install'
[1.465s] [34mcolcon.colcon_core.package_identification[0m [1;30mLevel 1[0m _identify(2.python_pkg/demo_python_pkg) by extensions ['colcon_pkg']
[1.465s] [34mcolcon.colcon_core.package_identification[0m [1;30mLevel 1[0m _identify(2.python_pkg/demo_python_pkg) by extension 'colcon_pkg'
[1.466s] [34mcolcon.colcon_core.package_identification[0m [1;30mLevel 1[0m _identify(2.python_pkg/demo_python_pkg) by extensions ['colcon_meta']
[1.466s] [34mcolcon.colcon_core.package_identification[0m [1;30mLevel 1[0m _identify(2.python_pkg/demo_python_pkg) by extension 'colcon_meta'
[1.466s] [34mcolcon.colcon_core.package_identification[0m [1;30mLevel 1[0m _identify(2.python_pkg/demo_python_pkg) by extensions ['ros']
[1.466s] [34mcolcon.colcon_core.package_identification[0m [1;30mLevel 1[0m _identify(2.python_pkg/demo_python_pkg) by extension 'ros'
[1.469s] [34mcolcon.colcon_core.package_identification[0m [1;30mDEBUG[0m [32mFound ROS schema reference in package manifest in '2.python_pkg/demo_python_pkg'[0m
[1.470s] [34mcolcon.colcon_core.package_identification[0m [1;30mWARNING[0m [33mFailed to parse ROS package manifest in '2.python_pkg/demo_python_pkg': Error(s) in package '2.python_pkg/demo_python_pkg/package.xml':
Error(s):
- The generic dependency on 'rclpy' is redundant with: build_depend, build_export_depend, exec_depend[0m
[1.470s] [34mcolcon.colcon_core.package_identification[0m [1;30mLevel 1[0m _identify(2.python_pkg/demo_python_pkg) by extensions ['cmake', 'python']
[1.471s] [34mcolcon.colcon_core.package_identification[0m [1;30mLevel 1[0m _identify(2.python_pkg/demo_python_pkg) by extension 'cmake'
[1.471s] [34mcolcon.colcon_core.package_identification[0m [1;30mLevel 1[0m _identify(2.python_pkg/demo_python_pkg) by extension 'python'
[1.472s] [34mcolcon.colcon_core.package_identification[0m [1;30mDEBUG[0m [32mPython package in '2.python_pkg/demo_python_pkg' passes arguments to the setup() function which requires a different identification extension than 'python'[0m
[1.472s] [34mcolcon.colcon_core.package_identification[0m [1;30mLevel 1[0m _identify(2.python_pkg/demo_python_pkg) by extensions ['python_setup_py']
[1.472s] [34mcolcon.colcon_core.package_identification[0m [1;30mLevel 1[0m _identify(2.python_pkg/demo_python_pkg) by extension 'python_setup_py'
[2.044s] [34mcolcon.colcon_core.package_identification[0m [1;30mDEBUG[0m [32mPackage '2.python_pkg/demo_python_pkg' with type 'python' and name 'demo_python_pkg'[0m
[2.044s] [34mcolcon.colcon_core.package_identification[0m [1;30mLevel 1[0m _identify(2.python_pkg/install) by extensions ['ignore', 'ignore_ament_install']
[2.044s] [34mcolcon.colcon_core.package_identification[0m [1;30mLevel 1[0m _identify(2.python_pkg/install) by extension 'ignore'
[2.045s] [34mcolcon.colcon_core.package_identification[0m [1;30mLevel 1[0m _identify(2.python_pkg/install) ignored
[2.045s] [34mcolcon.colcon_core.package_identification[0m [1;30mLevel 1[0m _identify(2.python_pkg/log) by extensions ['ignore', 'ignore_ament_install']
[2.045s] [34mcolcon.colcon_core.package_identification[0m [1;30mLevel 1[0m _identify(2.python_pkg/log) by extension 'ignore'
[2.045s] [34mcolcon.colcon_core.package_identification[0m [1;30mLevel 1[0m _identify(2.python_pkg/log) ignored
[2.045s] [34mcolcon.colcon_core.package_identification[0m [1;30mLevel 1[0m _identify(3.workspace) by extensions ['ignore', 'ignore_ament_install']
[2.045s] [34mcolcon.colcon_core.package_identification[0m [1;30mLevel 1[0m _identify(3.workspace) by extension 'ignore'
[2.046s] [34mcolcon.colcon_core.package_identification[0m [1;30mLevel 1[0m _identify(3.workspace) by extension 'ignore_ament_install'
[2.046s] [34mcolcon.colcon_core.package_identification[0m [1;30mLevel 1[0m _identify(3.workspace) by extensions ['colcon_pkg']
[2.046s] [34mcolcon.colcon_core.package_identification[0m [1;30mLevel 1[0m _identify(3.workspace) by extension 'colcon_pkg'
[2.046s] [34mcolcon.colcon_core.package_identification[0m [1;30mLevel 1[0m _identify(3.workspace) by extensions ['colcon_meta']
[2.046s] [34mcolcon.colcon_core.package_identification[0m [1;30mLevel 1[0m _identify(3.workspace) by extension 'colcon_meta'
[2.046s] [34mcolcon.colcon_core.package_identification[0m [1;30mLevel 1[0m _identify(3.workspace) by extensions ['ros']
[2.046s] [34mcolcon.colcon_core.package_identification[0m [1;30mLevel 1[0m _identify(3.workspace) by extension 'ros'
[2.046s] [34mcolcon.colcon_core.package_identification[0m [1;30mLevel 1[0m _identify(3.workspace) by extensions ['cmake', 'python']
[2.046s] [34mcolcon.colcon_core.package_identification[0m [1;30mLevel 1[0m _identify(3.workspace) by extension 'cmake'
[2.046s] [34mcolcon.colcon_core.package_identification[0m [1;30mLevel 1[0m _identify(3.workspace) by extension 'python'
[2.047s] [34mcolcon.colcon_core.package_identification[0m [1;30mLevel 1[0m _identify(3.workspace) by extensions ['python_setup_py']
[2.047s] [34mcolcon.colcon_core.package_identification[0m [1;30mLevel 1[0m _identify(3.workspace) by extension 'python_setup_py'
[2.047s] [34mcolcon.colcon_core.package_identification[0m [1;30mLevel 1[0m _identify(3.workspace/build) by extensions ['ignore', 'ignore_ament_install']
[2.047s] [34mcolcon.colcon_core.package_identification[0m [1;30mLevel 1[0m _identify(3.workspace/build) by extension 'ignore'
[2.047s] [34mcolcon.colcon_core.package_identification[0m [1;30mLevel 1[0m _identify(3.workspace/build) ignored
[2.047s] [34mcolcon.colcon_core.package_identification[0m [1;30mLevel 1[0m _identify(3.workspace/install) by extensions ['ignore', 'ignore_ament_install']
[2.047s] [34mcolcon.colcon_core.package_identification[0m [1;30mLevel 1[0m _identify(3.workspace/install) by extension 'ignore'
[2.047s] [34mcolcon.colcon_core.package_identification[0m [1;30mLevel 1[0m _identify(3.workspace/install) ignored
[2.048s] [34mcolcon.colcon_core.package_identification[0m [1;30mLevel 1[0m _identify(3.workspace/log) by extensions ['ignore', 'ignore_ament_install']
[2.048s] [34mcolcon.colcon_core.package_identification[0m [1;30mLevel 1[0m _identify(3.workspace/log) by extension 'ignore'
[2.048s] [34mcolcon.colcon_core.package_identification[0m [1;30mLevel 1[0m _identify(3.workspace/log) ignored
[2.048s] [34mcolcon.colcon_core.package_identification[0m [1;30mLevel 1[0m _identify(3.workspace/src) by extensions ['ignore', 'ignore_ament_install']
[2.049s] [34mcolcon.colcon_core.package_identification[0m [1;30mLevel 1[0m _identify(3.workspace/src) by extension 'ignore'
[2.049s] [34mcolcon.colcon_core.package_identification[0m [1;30mLevel 1[0m _identify(3.workspace/src) by extension 'ignore_ament_install'
[2.049s] [34mcolcon.colcon_core.package_identification[0m [1;30mLevel 1[0m _identify(3.workspace/src) by extensions ['colcon_pkg']
[2.049s] [34mcolcon.colcon_core.package_identification[0m [1;30mLevel 1[0m _identify(3.workspace/src) by extension 'colcon_pkg'
[2.049s] [34mcolcon.colcon_core.package_identification[0m [1;30mLevel 1[0m _identify(3.workspace/src) by extensions ['colcon_meta']
[2.049s] [34mcolcon.colcon_core.package_identification[0m [1;30mLevel 1[0m _identify(3.workspace/src) by extension 'colcon_meta'
[2.049s] [34mcolcon.colcon_core.package_identification[0m [1;30mLevel 1[0m _identify(3.workspace/src) by extensions ['ros']
[2.049s] [34mcolcon.colcon_core.package_identification[0m [1;30mLevel 1[0m _identify(3.workspace/src) by extension 'ros'
[2.050s] [34mcolcon.colcon_core.package_identification[0m [1;30mLevel 1[0m _identify(3.workspace/src) by extensions ['cmake', 'python']
[2.050s] [34mcolcon.colcon_core.package_identification[0m [1;30mLevel 1[0m _identify(3.workspace/src) by extension 'cmake'
[2.050s] [34mcolcon.colcon_core.package_identification[0m [1;30mLevel 1[0m _identify(3.workspace/src) by extension 'python'
[2.050s] [34mcolcon.colcon_core.package_identification[0m [1;30mLevel 1[0m _identify(3.workspace/src) by extensions ['python_setup_py']
[2.050s] [34mcolcon.colcon_core.package_identification[0m [1;30mLevel 1[0m _identify(3.workspace/src) by extension 'python_setup_py'
[2.050s] [34mcolcon.colcon_core.package_identification[0m [1;30mLevel 1[0m _identify(3.workspace/src/2.cpp_pkg) by extensions ['ignore', 'ignore_ament_install']
[2.050s] [34mcolcon.colcon_core.package_identification[0m [1;30mLevel 1[0m _identify(3.workspace/src/2.cpp_pkg) by extension 'ignore'
[2.050s] [34mcolcon.colcon_core.package_identification[0m [1;30mLevel 1[0m _identify(3.workspace/src/2.cpp_pkg) by extension 'ignore_ament_install'
[2.051s] [34mcolcon.colcon_core.package_identification[0m [1;30mLevel 1[0m _identify(3.workspace/src/2.cpp_pkg) by extensions ['colcon_pkg']
[2.051s] [34mcolcon.colcon_core.package_identification[0m [1;30mLevel 1[0m _identify(3.workspace/src/2.cpp_pkg) by extension 'colcon_pkg'
[2.051s] [34mcolcon.colcon_core.package_identification[0m [1;30mLevel 1[0m _identify(3.workspace/src/2.cpp_pkg) by extensions ['colcon_meta']
[2.051s] [34mcolcon.colcon_core.package_identification[0m [1;30mLevel 1[0m _identify(3.workspace/src/2.cpp_pkg) by extension 'colcon_meta'
[2.051s] [34mcolcon.colcon_core.package_identification[0m [1;30mLevel 1[0m _identify(3.workspace/src/2.cpp_pkg) by extensions ['ros']
[2.051s] [34mcolcon.colcon_core.package_identification[0m [1;30mLevel 1[0m _identify(3.workspace/src/2.cpp_pkg) by extension 'ros'
[2.051s] [34mcolcon.colcon_core.package_identification[0m [1;30mLevel 1[0m _identify(3.workspace/src/2.cpp_pkg) by extensions ['cmake', 'python']
[2.051s] [34mcolcon.colcon_core.package_identification[0m [1;30mLevel 1[0m _identify(3.workspace/src/2.cpp_pkg) by extension 'cmake'
[2.051s] [34mcolcon.colcon_core.package_identification[0m [1;30mLevel 1[0m _identify(3.workspace/src/2.cpp_pkg) by extension 'python'
[2.051s] [34mcolcon.colcon_core.package_identification[0m [1;30mLevel 1[0m _identify(3.workspace/src/2.cpp_pkg) by extensions ['python_setup_py']
[2.051s] [34mcolcon.colcon_core.package_identification[0m [1;30mLevel 1[0m _identify(3.workspace/src/2.cpp_pkg) by extension 'python_setup_py'
[2.052s] [34mcolcon.colcon_core.package_identification[0m [1;30mLevel 1[0m _identify(3.workspace/src/2.cpp_pkg/build) by extensions ['ignore', 'ignore_ament_install']
[2.052s] [34mcolcon.colcon_core.package_identification[0m [1;30mLevel 1[0m _identify(3.workspace/src/2.cpp_pkg/build) by extension 'ignore'
[2.052s] [34mcolcon.colcon_core.package_identification[0m [1;30mLevel 1[0m _identify(3.workspace/src/2.cpp_pkg/build) ignored
[2.052s] [34mcolcon.colcon_core.package_identification[0m [1;30mLevel 1[0m _identify(3.workspace/src/2.cpp_pkg/demo_cpp_pkg) by extensions ['ignore', 'ignore_ament_install']
[2.052s] [34mcolcon.colcon_core.package_identification[0m [1;30mLevel 1[0m _identify(3.workspace/src/2.cpp_pkg/demo_cpp_pkg) by extension 'ignore'
[2.052s] [34mcolcon.colcon_core.package_identification[0m [1;30mLevel 1[0m _identify(3.workspace/src/2.cpp_pkg/demo_cpp_pkg) by extension 'ignore_ament_install'
[2.053s] [34mcolcon.colcon_core.package_identification[0m [1;30mLevel 1[0m _identify(3.workspace/src/2.cpp_pkg/demo_cpp_pkg) by extensions ['colcon_pkg']
[2.053s] [34mcolcon.colcon_core.package_identification[0m [1;30mLevel 1[0m _identify(3.workspace/src/2.cpp_pkg/demo_cpp_pkg) by extension 'colcon_pkg'
[2.053s] [34mcolcon.colcon_core.package_identification[0m [1;30mLevel 1[0m _identify(3.workspace/src/2.cpp_pkg/demo_cpp_pkg) by extensions ['colcon_meta']
[2.053s] [34mcolcon.colcon_core.package_identification[0m [1;30mLevel 1[0m _identify(3.workspace/src/2.cpp_pkg/demo_cpp_pkg) by extension 'colcon_meta'
[2.053s] [34mcolcon.colcon_core.package_identification[0m [1;30mLevel 1[0m _identify(3.workspace/src/2.cpp_pkg/demo_cpp_pkg) by extensions ['ros']
[2.053s] [34mcolcon.colcon_core.package_identification[0m [1;30mLevel 1[0m _identify(3.workspace/src/2.cpp_pkg/demo_cpp_pkg) by extension 'ros'
[2.055s] [34mcolcon.colcon_core.package_identification[0m [1;30mDEBUG[0m [32mPackage '3.workspace/src/2.cpp_pkg/demo_cpp_pkg' with type 'ros.ament_cmake' and name 'demo_cpp_pkg'[0m
[2.056s] [34mcolcon.colcon_core.package_identification[0m [1;30mLevel 1[0m _identify(3.workspace/src/2.cpp_pkg/install) by extensions ['ignore', 'ignore_ament_install']
[2.056s] [34mcolcon.colcon_core.package_identification[0m [1;30mLevel 1[0m _identify(3.workspace/src/2.cpp_pkg/install) by extension 'ignore'
[2.057s] [34mcolcon.colcon_core.package_identification[0m [1;30mLevel 1[0m _identify(3.workspace/src/2.cpp_pkg/install) ignored
[2.057s] [34mcolcon.colcon_core.package_identification[0m [1;30mLevel 1[0m _identify(3.workspace/src/2.cpp_pkg/log) by extensions ['ignore', 'ignore_ament_install']
[2.058s] [34mcolcon.colcon_core.package_identification[0m [1;30mLevel 1[0m _identify(3.workspace/src/2.cpp_pkg/log) by extension 'ignore'
[2.058s] [34mcolcon.colcon_core.package_identification[0m [1;30mLevel 1[0m _identify(3.workspace/src/2.cpp_pkg/log) ignored
[2.059s] [34mcolcon.colcon_core.package_identification[0m [1;30mLevel 1[0m _identify(3.workspace/src/2.python_pkg) by extensions ['ignore', 'ignore_ament_install']
[2.059s] [34mcolcon.colcon_core.package_identification[0m [1;30mLevel 1[0m _identify(3.workspace/src/2.python_pkg) by extension 'ignore'
[2.059s] [34mcolcon.colcon_core.package_identification[0m [1;30mLevel 1[0m _identify(3.workspace/src/2.python_pkg) by extension 'ignore_ament_install'
[2.059s] [34mcolcon.colcon_core.package_identification[0m [1;30mLevel 1[0m _identify(3.workspace/src/2.python_pkg) by extensions ['colcon_pkg']
[2.059s] [34mcolcon.colcon_core.package_identification[0m [1;30mLevel 1[0m _identify(3.workspace/src/2.python_pkg) by extension 'colcon_pkg'
[2.059s] [34mcolcon.colcon_core.package_identification[0m [1;30mLevel 1[0m _identify(3.workspace/src/2.python_pkg) by extensions ['colcon_meta']
[2.059s] [34mcolcon.colcon_core.package_identification[0m [1;30mLevel 1[0m _identify(3.workspace/src/2.python_pkg) by extension 'colcon_meta'
[2.059s] [34mcolcon.colcon_core.package_identification[0m [1;30mLevel 1[0m _identify(3.workspace/src/2.python_pkg) by extensions ['ros']
[2.060s] [34mcolcon.colcon_core.package_identification[0m [1;30mLevel 1[0m _identify(3.workspace/src/2.python_pkg) by extension 'ros'
[2.060s] [34mcolcon.colcon_core.package_identification[0m [1;30mLevel 1[0m _identify(3.workspace/src/2.python_pkg) by extensions ['cmake', 'python']
[2.060s] [34mcolcon.colcon_core.package_identification[0m [1;30mLevel 1[0m _identify(3.workspace/src/2.python_pkg) by extension 'cmake'
[2.060s] [34mcolcon.colcon_core.package_identification[0m [1;30mLevel 1[0m _identify(3.workspace/src/2.python_pkg) by extension 'python'
[2.060s] [34mcolcon.colcon_core.package_identification[0m [1;30mLevel 1[0m _identify(3.workspace/src/2.python_pkg) by extensions ['python_setup_py']
[2.060s] [34mcolcon.colcon_core.package_identification[0m [1;30mLevel 1[0m _identify(3.workspace/src/2.python_pkg) by extension 'python_setup_py'
[2.060s] [34mcolcon.colcon_core.package_identification[0m [1;30mLevel 1[0m _identify(3.workspace/src/2.python_pkg/build) by extensions ['ignore', 'ignore_ament_install']
[2.061s] [34mcolcon.colcon_core.package_identification[0m [1;30mLevel 1[0m _identify(3.workspace/src/2.python_pkg/build) by extension 'ignore'
[2.061s] [34mcolcon.colcon_core.package_identification[0m [1;30mLevel 1[0m _identify(3.workspace/src/2.python_pkg/build) ignored
[2.061s] [34mcolcon.colcon_core.package_identification[0m [1;30mLevel 1[0m _identify(3.workspace/src/2.python_pkg/demo_python_pkg) by extensions ['ignore', 'ignore_ament_install']
[2.061s] [34mcolcon.colcon_core.package_identification[0m [1;30mLevel 1[0m _identify(3.workspace/src/2.python_pkg/demo_python_pkg) by extension 'ignore'
[2.061s] [34mcolcon.colcon_core.package_identification[0m [1;30mLevel 1[0m _identify(3.workspace/src/2.python_pkg/demo_python_pkg) by extension 'ignore_ament_install'
[2.061s] [34mcolcon.colcon_core.package_identification[0m [1;30mLevel 1[0m _identify(3.workspace/src/2.python_pkg/demo_python_pkg) by extensions ['colcon_pkg']
[2.062s] [34mcolcon.colcon_core.package_identification[0m [1;30mLevel 1[0m _identify(3.workspace/src/2.python_pkg/demo_python_pkg) by extension 'colcon_pkg'
[2.062s] [34mcolcon.colcon_core.package_identification[0m [1;30mLevel 1[0m _identify(3.workspace/src/2.python_pkg/demo_python_pkg) by extensions ['colcon_meta']
[2.062s] [34mcolcon.colcon_core.package_identification[0m [1;30mLevel 1[0m _identify(3.workspace/src/2.python_pkg/demo_python_pkg) by extension 'colcon_meta'
[2.062s] [34mcolcon.colcon_core.package_identification[0m [1;30mLevel 1[0m _identify(3.workspace/src/2.python_pkg/demo_python_pkg) by extensions ['ros']
[2.062s] [34mcolcon.colcon_core.package_identification[0m [1;30mLevel 1[0m _identify(3.workspace/src/2.python_pkg/demo_python_pkg) by extension 'ros'
[2.064s] [34mcolcon.colcon_core.package_identification[0m [1;30mDEBUG[0m [32mPackage '3.workspace/src/2.python_pkg/demo_python_pkg' with type 'ros.ament_python' and name 'demo_python_pkg'[0m
[2.065s] [34mcolcon.colcon_core.package_identification[0m [1;30mLevel 1[0m _identify(3.workspace/src/2.python_pkg/install) by extensions ['ignore', 'ignore_ament_install']
[2.065s] [34mcolcon.colcon_core.package_identification[0m [1;30mLevel 1[0m _identify(3.workspace/src/2.python_pkg/install) by extension 'ignore'
[2.065s] [34mcolcon.colcon_core.package_identification[0m [1;30mLevel 1[0m _identify(3.workspace/src/2.python_pkg/install) ignored
[2.065s] [34mcolcon.colcon_core.package_identification[0m [1;30mLevel 1[0m _identify(3.workspace/src/2.python_pkg/log) by extensions ['ignore', 'ignore_ament_install']
[2.066s] [34mcolcon.colcon_core.package_identification[0m [1;30mLevel 1[0m _identify(3.workspace/src/2.python_pkg/log) by extension 'ignore'
[2.066s] [34mcolcon.colcon_core.package_identification[0m [1;30mLevel 1[0m _identify(3.workspace/src/2.python_pkg/log) ignored
[2.066s] [34mcolcon.colcon_core.package_identification[0m [1;30mLevel 1[0m _identify(4.OPP_learn) by extensions ['ignore', 'ignore_ament_install']
[2.066s] [34mcolcon.colcon_core.package_identification[0m [1;30mLevel 1[0m _identify(4.OPP_learn) by extension 'ignore'
[2.066s] [34mcolcon.colcon_core.package_identification[0m [1;30mLevel 1[0m _identify(4.OPP_learn) by extension 'ignore_ament_install'
[2.066s] [34mcolcon.colcon_core.package_identification[0m [1;30mLevel 1[0m _identify(4.OPP_learn) by extensions ['colcon_pkg']
[2.066s] [34mcolcon.colcon_core.package_identification[0m [1;30mLevel 1[0m _identify(4.OPP_learn) by extension 'colcon_pkg'
[2.066s] [34mcolcon.colcon_core.package_identification[0m [1;30mLevel 1[0m _identify(4.OPP_learn) by extensions ['colcon_meta']
[2.067s] [34mcolcon.colcon_core.package_identification[0m [1;30mLevel 1[0m _identify(4.OPP_learn) by extension 'colcon_meta'
[2.067s] [34mcolcon.colcon_core.package_identification[0m [1;30mLevel 1[0m _identify(4.OPP_learn) by extensions ['ros']
[2.067s] [34mcolcon.colcon_core.package_identification[0m [1;30mLevel 1[0m _identify(4.OPP_learn) by extension 'ros'
[2.067s] [34mcolcon.colcon_core.package_identification[0m [1;30mLevel 1[0m _identify(4.OPP_learn) by extensions ['cmake', 'python']
[2.067s] [34mcolcon.colcon_core.package_identification[0m [1;30mLevel 1[0m _identify(4.OPP_learn) by extension 'cmake'
[2.067s] [34mcolcon.colcon_core.package_identification[0m [1;30mLevel 1[0m _identify(4.OPP_learn) by extension 'python'
[2.067s] [34mcolcon.colcon_core.package_identification[0m [1;30mLevel 1[0m _identify(4.OPP_learn) by extensions ['python_setup_py']
[2.067s] [34mcolcon.colcon_core.package_identification[0m [1;30mLevel 1[0m _identify(4.OPP_learn) by extension 'python_setup_py'
[2.067s] [34mcolcon.colcon_core.package_identification[0m [1;30mLevel 1[0m _identify(4.OPP_learn/build) by extensions ['ignore', 'ignore_ament_install']
[2.068s] [34mcolcon.colcon_core.package_identification[0m [1;30mLevel 1[0m _identify(4.OPP_learn/build) by extension 'ignore'
[2.068s] [34mcolcon.colcon_core.package_identification[0m [1;30mLevel 1[0m _identify(4.OPP_learn/build) ignored
[2.068s] [34mcolcon.colcon_core.package_identification[0m [1;30mLevel 1[0m _identify(4.OPP_learn/install) by extensions ['ignore', 'ignore_ament_install']
[2.072s] [34mcolcon.colcon_core.package_identification[0m [1;30mLevel 1[0m _identify(4.OPP_learn/install) by extension 'ignore'
[2.072s] [34mcolcon.colcon_core.package_identification[0m [1;30mLevel 1[0m _identify(4.OPP_learn/install) ignored
[2.073s] [34mcolcon.colcon_core.package_identification[0m [1;30mLevel 1[0m _identify(4.OPP_learn/log) by extensions ['ignore', 'ignore_ament_install']
[2.074s] [34mcolcon.colcon_core.package_identification[0m [1;30mLevel 1[0m _identify(4.OPP_learn/log) by extension 'ignore'
[2.074s] [34mcolcon.colcon_core.package_identification[0m [1;30mLevel 1[0m _identify(4.OPP_learn/log) ignored
[2.074s] [34mcolcon.colcon_core.package_identification[0m [1;30mLevel 1[0m _identify(4.OPP_learn/src) by extensions ['ignore', 'ignore_ament_install']
[2.075s] [34mcolcon.colcon_core.package_identification[0m [1;30mLevel 1[0m _identify(4.OPP_learn/src) by extension 'ignore'
[2.075s] [34mcolcon.colcon_core.package_identification[0m [1;30mLevel 1[0m _identify(4.OPP_learn/src) by extension 'ignore_ament_install'
[2.075s] [34mcolcon.colcon_core.package_identification[0m [1;30mLevel 1[0m _identify(4.OPP_learn/src) by extensions ['colcon_pkg']
[2.076s] [34mcolcon.colcon_core.package_identification[0m [1;30mLevel 1[0m _identify(4.OPP_learn/src) by extension 'colcon_pkg'
[2.076s] [34mcolcon.colcon_core.package_identification[0m [1;30mLevel 1[0m _identify(4.OPP_learn/src) by extensions ['colcon_meta']
[2.076s] [34mcolcon.colcon_core.package_identification[0m [1;30mLevel 1[0m _identify(4.OPP_learn/src) by extension 'colcon_meta'
[2.076s] [34mcolcon.colcon_core.package_identification[0m [1;30mLevel 1[0m _identify(4.OPP_learn/src) by extensions ['ros']
[2.077s] [34mcolcon.colcon_core.package_identification[0m [1;30mLevel 1[0m _identify(4.OPP_learn/src) by extension 'ros'
[2.077s] [34mcolcon.colcon_core.package_identification[0m [1;30mLevel 1[0m _identify(4.OPP_learn/src) by extensions ['cmake', 'python']
[2.077s] [34mcolcon.colcon_core.package_identification[0m [1;30mLevel 1[0m _identify(4.OPP_learn/src) by extension 'cmake'
[2.077s] [34mcolcon.colcon_core.package_identification[0m [1;30mLevel 1[0m _identify(4.OPP_learn/src) by extension 'python'
[2.078s] [34mcolcon.colcon_core.package_identification[0m [1;30mLevel 1[0m _identify(4.OPP_learn/src) by extensions ['python_setup_py']
[2.078s] [34mcolcon.colcon_core.package_identification[0m [1;30mLevel 1[0m _identify(4.OPP_learn/src) by extension 'python_setup_py'
[2.078s] [34mcolcon.colcon_core.package_identification[0m [1;30mLevel 1[0m _identify(4.OPP_learn/src/cpp_pkg) by extensions ['ignore', 'ignore_ament_install']
[2.079s] [34mcolcon.colcon_core.package_identification[0m [1;30mLevel 1[0m _identify(4.OPP_learn/src/cpp_pkg) by extension 'ignore'
[2.079s] [34mcolcon.colcon_core.package_identification[0m [1;30mLevel 1[0m _identify(4.OPP_learn/src/cpp_pkg) by extension 'ignore_ament_install'
[2.079s] [34mcolcon.colcon_core.package_identification[0m [1;30mLevel 1[0m _identify(4.OPP_learn/src/cpp_pkg) by extensions ['colcon_pkg']
[2.079s] [34mcolcon.colcon_core.package_identification[0m [1;30mLevel 1[0m _identify(4.OPP_learn/src/cpp_pkg) by extension 'colcon_pkg'
[2.080s] [34mcolcon.colcon_core.package_identification[0m [1;30mLevel 1[0m _identify(4.OPP_learn/src/cpp_pkg) by extensions ['colcon_meta']
[2.080s] [34mcolcon.colcon_core.package_identification[0m [1;30mLevel 1[0m _identify(4.OPP_learn/src/cpp_pkg) by extension 'colcon_meta'
[2.081s] [34mcolcon.colcon_core.package_identification[0m [1;30mLevel 1[0m _identify(4.OPP_learn/src/cpp_pkg) by extensions ['ros']
[2.081s] [34mcolcon.colcon_core.package_identification[0m [1;30mLevel 1[0m _identify(4.OPP_learn/src/cpp_pkg) by extension 'ros'
[2.083s] [34mcolcon.colcon_core.package_identification[0m [1;30mDEBUG[0m [32mPackage '4.OPP_learn/src/cpp_pkg' with type 'ros.ament_cmake' and name 'cpp_pkg'[0m
[2.084s] [34mcolcon.colcon_core.package_identification[0m [1;30mLevel 1[0m _identify(4.OPP_learn/src/python_pkg) by extensions ['ignore', 'ignore_ament_install']
[2.084s] [34mcolcon.colcon_core.package_identification[0m [1;30mLevel 1[0m _identify(4.OPP_learn/src/python_pkg) by extension 'ignore'
[2.084s] [34mcolcon.colcon_core.package_identification[0m [1;30mLevel 1[0m _identify(4.OPP_learn/src/python_pkg) by extension 'ignore_ament_install'
[2.085s] [34mcolcon.colcon_core.package_identification[0m [1;30mLevel 1[0m _identify(4.OPP_learn/src/python_pkg) by extensions ['colcon_pkg']
[2.085s] [34mcolcon.colcon_core.package_identification[0m [1;30mLevel 1[0m _identify(4.OPP_learn/src/python_pkg) by extension 'colcon_pkg'
[2.085s] [34mcolcon.colcon_core.package_identification[0m [1;30mLevel 1[0m _identify(4.OPP_learn/src/python_pkg) by extensions ['colcon_meta']
[2.085s] [34mcolcon.colcon_core.package_identification[0m [1;30mLevel 1[0m _identify(4.OPP_learn/src/python_pkg) by extension 'colcon_meta'
[2.085s] [34mcolcon.colcon_core.package_identification[0m [1;30mLevel 1[0m _identify(4.OPP_learn/src/python_pkg) by extensions ['ros']
[2.085s] [34mcolcon.colcon_core.package_identification[0m [1;30mLevel 1[0m _identify(4.OPP_learn/src/python_pkg) by extension 'ros'
[2.088s] [34mcolcon.colcon_core.package_identification[0m [1;30mDEBUG[0m [32mPackage '4.OPP_learn/src/python_pkg' with type 'ros.ament_python' and name 'python_pkg'[0m
[2.088s] [34mcolcon.colcon_core.package_identification[0m [1;30mLevel 1[0m _identify(5.CPP_new_feature) by extensions ['ignore', 'ignore_ament_install']
[2.089s] [34mcolcon.colcon_core.package_identification[0m [1;30mLevel 1[0m _identify(5.CPP_new_feature) by extension 'ignore'
[2.089s] [34mcolcon.colcon_core.package_identification[0m [1;30mLevel 1[0m _identify(5.CPP_new_feature) by extension 'ignore_ament_install'
[2.089s] [34mcolcon.colcon_core.package_identification[0m [1;30mLevel 1[0m _identify(5.CPP_new_feature) by extensions ['colcon_pkg']
[2.089s] [34mcolcon.colcon_core.package_identification[0m [1;30mLevel 1[0m _identify(5.CPP_new_feature) by extension 'colcon_pkg'
[2.089s] [34mcolcon.colcon_core.package_identification[0m [1;30mLevel 1[0m _identify(5.CPP_new_feature) by extensions ['colcon_meta']
[2.089s] [34mcolcon.colcon_core.package_identification[0m [1;30mLevel 1[0m _identify(5.CPP_new_feature) by extension 'colcon_meta'
[2.089s] [34mcolcon.colcon_core.package_identification[0m [1;30mLevel 1[0m _identify(5.CPP_new_feature) by extensions ['ros']
[2.089s] [34mcolcon.colcon_core.package_identification[0m [1;30mLevel 1[0m _identify(5.CPP_new_feature) by extension 'ros'
[2.090s] [34mcolcon.colcon_core.package_identification[0m [1;30mLevel 1[0m _identify(5.CPP_new_feature) by extensions ['cmake', 'python']
[2.090s] [34mcolcon.colcon_core.package_identification[0m [1;30mLevel 1[0m _identify(5.CPP_new_feature) by extension 'cmake'
[2.090s] [34mcolcon.colcon_core.package_identification[0m [1;30mLevel 1[0m _identify(5.CPP_new_feature) by extension 'python'
[2.090s] [34mcolcon.colcon_core.package_identification[0m [1;30mLevel 1[0m _identify(5.CPP_new_feature) by extensions ['python_setup_py']
[2.090s] [34mcolcon.colcon_core.package_identification[0m [1;30mLevel 1[0m _identify(5.CPP_new_feature) by extension 'python_setup_py'
[2.090s] [34mcolcon.colcon_core.package_identification[0m [1;30mLevel 1[0m _identify(5.CPP_new_feature/build) by extensions ['ignore', 'ignore_ament_install']
[2.090s] [34mcolcon.colcon_core.package_identification[0m [1;30mLevel 1[0m _identify(5.CPP_new_feature/build) by extension 'ignore'
[2.090s] [34mcolcon.colcon_core.package_identification[0m [1;30mLevel 1[0m _identify(5.CPP_new_feature/build) ignored
[2.091s] [34mcolcon.colcon_core.package_identification[0m [1;30mLevel 1[0m _identify(5.CPP_new_feature/install) by extensions ['ignore', 'ignore_ament_install']
[2.091s] [34mcolcon.colcon_core.package_identification[0m [1;30mLevel 1[0m _identify(5.CPP_new_feature/install) by extension 'ignore'
[2.091s] [34mcolcon.colcon_core.package_identification[0m [1;30mLevel 1[0m _identify(5.CPP_new_feature/install) ignored
[2.091s] [34mcolcon.colcon_core.package_identification[0m [1;30mLevel 1[0m _identify(5.CPP_new_feature/log) by extensions ['ignore', 'ignore_ament_install']
[2.092s] [34mcolcon.colcon_core.package_identification[0m [1;30mLevel 1[0m _identify(5.CPP_new_feature/log) by extension 'ignore'
[2.092s] [34mcolcon.colcon_core.package_identification[0m [1;30mLevel 1[0m _identify(5.CPP_new_feature/log) ignored
[2.092s] [34mcolcon.colcon_core.package_identification[0m [1;30mLevel 1[0m _identify(5.CPP_new_feature/src) by extensions ['ignore', 'ignore_ament_install']
[2.092s] [34mcolcon.colcon_core.package_identification[0m [1;30mLevel 1[0m _identify(5.CPP_new_feature/src) by extension 'ignore'
[2.092s] [34mcolcon.colcon_core.package_identification[0m [1;30mLevel 1[0m _identify(5.CPP_new_feature/src) by extension 'ignore_ament_install'
[2.093s] [34mcolcon.colcon_core.package_identification[0m [1;30mLevel 1[0m _identify(5.CPP_new_feature/src) by extensions ['colcon_pkg']
[2.093s] [34mcolcon.colcon_core.package_identification[0m [1;30mLevel 1[0m _identify(5.CPP_new_feature/src) by extension 'colcon_pkg'
[2.093s] [34mcolcon.colcon_core.package_identification[0m [1;30mLevel 1[0m _identify(5.CPP_new_feature/src) by extensions ['colcon_meta']
[2.093s] [34mcolcon.colcon_core.package_identification[0m [1;30mLevel 1[0m _identify(5.CPP_new_feature/src) by extension 'colcon_meta'
[2.093s] [34mcolcon.colcon_core.package_identification[0m [1;30mLevel 1[0m _identify(5.CPP_new_feature/src) by extensions ['ros']
[2.093s] [34mcolcon.colcon_core.package_identification[0m [1;30mLevel 1[0m _identify(5.CPP_new_feature/src) by extension 'ros'
[2.093s] [34mcolcon.colcon_core.package_identification[0m [1;30mLevel 1[0m _identify(5.CPP_new_feature/src) by extensions ['cmake', 'python']
[2.093s] [34mcolcon.colcon_core.package_identification[0m [1;30mLevel 1[0m _identify(5.CPP_new_feature/src) by extension 'cmake'
[2.093s] [34mcolcon.colcon_core.package_identification[0m [1;30mLevel 1[0m _identify(5.CPP_new_feature/src) by extension 'python'
[2.094s] [34mcolcon.colcon_core.package_identification[0m [1;30mLevel 1[0m _identify(5.CPP_new_feature/src) by extensions ['python_setup_py']
[2.094s] [34mcolcon.colcon_core.package_identification[0m [1;30mLevel 1[0m _identify(5.CPP_new_feature/src) by extension 'python_setup_py'
[2.094s] [34mcolcon.colcon_core.package_identification[0m [1;30mLevel 1[0m _identify(5.CPP_new_feature/src/cpp_pkg) by extensions ['ignore', 'ignore_ament_install']
[2.094s] [34mcolcon.colcon_core.package_identification[0m [1;30mLevel 1[0m _identify(5.CPP_new_feature/src/cpp_pkg) by extension 'ignore'
[2.094s] [34mcolcon.colcon_core.package_identification[0m [1;30mLevel 1[0m _identify(5.CPP_new_feature/src/cpp_pkg) by extension 'ignore_ament_install'
[2.094s] [34mcolcon.colcon_core.package_identification[0m [1;30mLevel 1[0m _identify(5.CPP_new_feature/src/cpp_pkg) by extensions ['colcon_pkg']
[2.095s] [34mcolcon.colcon_core.package_identification[0m [1;30mLevel 1[0m _identify(5.CPP_new_feature/src/cpp_pkg) by extension 'colcon_pkg'
[2.095s] [34mcolcon.colcon_core.package_identification[0m [1;30mLevel 1[0m _identify(5.CPP_new_feature/src/cpp_pkg) by extensions ['colcon_meta']
[2.095s] [34mcolcon.colcon_core.package_identification[0m [1;30mLevel 1[0m _identify(5.CPP_new_feature/src/cpp_pkg) by extension 'colcon_meta'
[2.095s] [34mcolcon.colcon_core.package_identification[0m [1;30mLevel 1[0m _identify(5.CPP_new_feature/src/cpp_pkg) by extensions ['ros']
[2.095s] [34mcolcon.colcon_core.package_identification[0m [1;30mLevel 1[0m _identify(5.CPP_new_feature/src/cpp_pkg) by extension 'ros'
[2.097s] [34mcolcon.colcon_core.package_identification[0m [1;30mDEBUG[0m [32mPackage '5.CPP_new_feature/src/cpp_pkg' with type 'ros.ament_cmake' and name 'cpp_pkg'[0m
[2.098s] [34mcolcon.colcon_core.package_identification[0m [1;30mLevel 1[0m _identify(5.CPP_new_feature/src/python_pkg) by extensions ['ignore', 'ignore_ament_install']
[2.098s] [34mcolcon.colcon_core.package_identification[0m [1;30mLevel 1[0m _identify(5.CPP_new_feature/src/python_pkg) by extension 'ignore'
[2.099s] [34mcolcon.colcon_core.package_identification[0m [1;30mLevel 1[0m _identify(5.CPP_new_feature/src/python_pkg) by extension 'ignore_ament_install'
[2.099s] [34mcolcon.colcon_core.package_identification[0m [1;30mLevel 1[0m _identify(5.CPP_new_feature/src/python_pkg) by extensions ['colcon_pkg']
[2.099s] [34mcolcon.colcon_core.package_identification[0m [1;30mLevel 1[0m _identify(5.CPP_new_feature/src/python_pkg) by extension 'colcon_pkg'
[2.099s] [34mcolcon.colcon_core.package_identification[0m [1;30mLevel 1[0m _identify(5.CPP_new_feature/src/python_pkg) by extensions ['colcon_meta']
[2.099s] [34mcolcon.colcon_core.package_identification[0m [1;30mLevel 1[0m _identify(5.CPP_new_feature/src/python_pkg) by extension 'colcon_meta'
[2.099s] [34mcolcon.colcon_core.package_identification[0m [1;30mLevel 1[0m _identify(5.CPP_new_feature/src/python_pkg) by extensions ['ros']
[2.099s] [34mcolcon.colcon_core.package_identification[0m [1;30mLevel 1[0m _identify(5.CPP_new_feature/src/python_pkg) by extension 'ros'
[2.101s] [34mcolcon.colcon_core.package_identification[0m [1;30mDEBUG[0m [32mPackage '5.CPP_new_feature/src/python_pkg' with type 'ros.ament_python' and name 'python_pkg'[0m
[2.102s] [34mcolcon.colcon_core.package_identification[0m [1;30mLevel 1[0m _identify(6.Thread) by extensions ['ignore', 'ignore_ament_install']
[2.102s] [34mcolcon.colcon_core.package_identification[0m [1;30mLevel 1[0m _identify(6.Thread) by extension 'ignore'
[2.102s] [34mcolcon.colcon_core.package_identification[0m [1;30mLevel 1[0m _identify(6.Thread) by extension 'ignore_ament_install'
[2.103s] [34mcolcon.colcon_core.package_identification[0m [1;30mLevel 1[0m _identify(6.Thread) by extensions ['colcon_pkg']
[2.103s] [34mcolcon.colcon_core.package_identification[0m [1;30mLevel 1[0m _identify(6.Thread) by extension 'colcon_pkg'
[2.103s] [34mcolcon.colcon_core.package_identification[0m [1;30mLevel 1[0m _identify(6.Thread) by extensions ['colcon_meta']
[2.103s] [34mcolcon.colcon_core.package_identification[0m [1;30mLevel 1[0m _identify(6.Thread) by extension 'colcon_meta'
[2.103s] [34mcolcon.colcon_core.package_identification[0m [1;30mLevel 1[0m _identify(6.Thread) by extensions ['ros']
[2.103s] [34mcolcon.colcon_core.package_identification[0m [1;30mLevel 1[0m _identify(6.Thread) by extension 'ros'
[2.103s] [34mcolcon.colcon_core.package_identification[0m [1;30mLevel 1[0m _identify(6.Thread) by extensions ['cmake', 'python']
[2.103s] [34mcolcon.colcon_core.package_identification[0m [1;30mLevel 1[0m _identify(6.Thread) by extension 'cmake'
[2.104s] [34mcolcon.colcon_core.package_identification[0m [1;30mLevel 1[0m _identify(6.Thread) by extension 'python'
[2.104s] [34mcolcon.colcon_core.package_identification[0m [1;30mLevel 1[0m _identify(6.Thread) by extensions ['python_setup_py']
[2.104s] [34mcolcon.colcon_core.package_identification[0m [1;30mLevel 1[0m _identify(6.Thread) by extension 'python_setup_py'
[2.104s] [34mcolcon.colcon_core.package_identification[0m [1;30mLevel 1[0m _identify(6.Thread/build) by extensions ['ignore', 'ignore_ament_install']
[2.104s] [34mcolcon.colcon_core.package_identification[0m [1;30mLevel 1[0m _identify(6.Thread/build) by extension 'ignore'
[2.104s] [34mcolcon.colcon_core.package_identification[0m [1;30mLevel 1[0m _identify(6.Thread/build) ignored
[2.105s] [34mcolcon.colcon_core.package_identification[0m [1;30mLevel 1[0m _identify(6.Thread/install) by extensions ['ignore', 'ignore_ament_install']
[2.105s] [34mcolcon.colcon_core.package_identification[0m [1;30mLevel 1[0m _identify(6.Thread/install) by extension 'ignore'
[2.105s] [34mcolcon.colcon_core.package_identification[0m [1;30mLevel 1[0m _identify(6.Thread/install) ignored
[2.105s] [34mcolcon.colcon_core.package_identification[0m [1;30mLevel 1[0m _identify(6.Thread/log) by extensions ['ignore', 'ignore_ament_install']
[2.106s] [34mcolcon.colcon_core.package_identification[0m [1;30mLevel 1[0m _identify(6.Thread/log) by extension 'ignore'
[2.106s] [34mcolcon.colcon_core.package_identification[0m [1;30mLevel 1[0m _identify(6.Thread/log) ignored
[2.106s] [34mcolcon.colcon_core.package_identification[0m [1;30mLevel 1[0m _identify(6.Thread/src) by extensions ['ignore', 'ignore_ament_install']
[2.106s] [34mcolcon.colcon_core.package_identification[0m [1;30mLevel 1[0m _identify(6.Thread/src) by extension 'ignore'
[2.106s] [34mcolcon.colcon_core.package_identification[0m [1;30mLevel 1[0m _identify(6.Thread/src) by extension 'ignore_ament_install'
[2.106s] [34mcolcon.colcon_core.package_identification[0m [1;30mLevel 1[0m _identify(6.Thread/src) by extensions ['colcon_pkg']
[2.106s] [34mcolcon.colcon_core.package_identification[0m [1;30mLevel 1[0m _identify(6.Thread/src) by extension 'colcon_pkg'
[2.107s] [34mcolcon.colcon_core.package_identification[0m [1;30mLevel 1[0m _identify(6.Thread/src) by extensions ['colcon_meta']
[2.107s] [34mcolcon.colcon_core.package_identification[0m [1;30mLevel 1[0m _identify(6.Thread/src) by extension 'colcon_meta'
[2.107s] [34mcolcon.colcon_core.package_identification[0m [1;30mLevel 1[0m _identify(6.Thread/src) by extensions ['ros']
[2.107s] [34mcolcon.colcon_core.package_identification[0m [1;30mLevel 1[0m _identify(6.Thread/src) by extension 'ros'
[2.107s] [34mcolcon.colcon_core.package_identification[0m [1;30mLevel 1[0m _identify(6.Thread/src) by extensions ['cmake', 'python']
[2.107s] [34mcolcon.colcon_core.package_identification[0m [1;30mLevel 1[0m _identify(6.Thread/src) by extension 'cmake'
[2.107s] [34mcolcon.colcon_core.package_identification[0m [1;30mLevel 1[0m _identify(6.Thread/src) by extension 'python'
[2.107s] [34mcolcon.colcon_core.package_identification[0m [1;30mLevel 1[0m _identify(6.Thread/src) by extensions ['python_setup_py']
[2.107s] [34mcolcon.colcon_core.package_identification[0m [1;30mLevel 1[0m _identify(6.Thread/src) by extension 'python_setup_py'
[2.108s] [34mcolcon.colcon_core.package_identification[0m [1;30mLevel 1[0m _identify(6.Thread/src/cpp_pkg) by extensions ['ignore', 'ignore_ament_install']
[2.108s] [34mcolcon.colcon_core.package_identification[0m [1;30mLevel 1[0m _identify(6.Thread/src/cpp_pkg) by extension 'ignore'
[2.108s] [34mcolcon.colcon_core.package_identification[0m [1;30mLevel 1[0m _identify(6.Thread/src/cpp_pkg) by extension 'ignore_ament_install'
[2.108s] [34mcolcon.colcon_core.package_identification[0m [1;30mLevel 1[0m _identify(6.Thread/src/cpp_pkg) by extensions ['colcon_pkg']
[2.108s] [34mcolcon.colcon_core.package_identification[0m [1;30mLevel 1[0m _identify(6.Thread/src/cpp_pkg) by extension 'colcon_pkg'
[2.109s] [34mcolcon.colcon_core.package_identification[0m [1;30mLevel 1[0m _identify(6.Thread/src/cpp_pkg) by extensions ['colcon_meta']
[2.109s] [34mcolcon.colcon_core.package_identification[0m [1;30mLevel 1[0m _identify(6.Thread/src/cpp_pkg) by extension 'colcon_meta'
[2.109s] [34mcolcon.colcon_core.package_identification[0m [1;30mLevel 1[0m _identify(6.Thread/src/cpp_pkg) by extensions ['ros']
[2.109s] [34mcolcon.colcon_core.package_identification[0m [1;30mLevel 1[0m _identify(6.Thread/src/cpp_pkg) by extension 'ros'
[2.111s] [34mcolcon.colcon_core.package_identification[0m [1;30mDEBUG[0m [32mPackage '6.Thread/src/cpp_pkg' with type 'ros.ament_cmake' and name 'cpp_pkg'[0m
[2.112s] [34mcolcon.colcon_core.package_identification[0m [1;30mLevel 1[0m _identify(6.Thread/src/python_pkg) by extensions ['ignore', 'ignore_ament_install']
[2.112s] [34mcolcon.colcon_core.package_identification[0m [1;30mLevel 1[0m _identify(6.Thread/src/python_pkg) by extension 'ignore'
[2.112s] [34mcolcon.colcon_core.package_identification[0m [1;30mLevel 1[0m _identify(6.Thread/src/python_pkg) by extension 'ignore_ament_install'
[2.112s] [34mcolcon.colcon_core.package_identification[0m [1;30mLevel 1[0m _identify(6.Thread/src/python_pkg) by extensions ['colcon_pkg']
[2.113s] [34mcolcon.colcon_core.package_identification[0m [1;30mLevel 1[0m _identify(6.Thread/src/python_pkg) by extension 'colcon_pkg'
[2.113s] [34mcolcon.colcon_core.package_identification[0m [1;30mLevel 1[0m _identify(6.Thread/src/python_pkg) by extensions ['colcon_meta']
[2.113s] [34mcolcon.colcon_core.package_identification[0m [1;30mLevel 1[0m _identify(6.Thread/src/python_pkg) by extension 'colcon_meta'
[2.113s] [34mcolcon.colcon_core.package_identification[0m [1;30mLevel 1[0m _identify(6.Thread/src/python_pkg) by extensions ['ros']
[2.113s] [34mcolcon.colcon_core.package_identification[0m [1;30mLevel 1[0m _identify(6.Thread/src/python_pkg) by extension 'ros'
[2.115s] [34mcolcon.colcon_core.package_identification[0m [1;30mDEBUG[0m [32mPackage '6.Thread/src/python_pkg' with type 'ros.ament_python' and name 'python_pkg'[0m
[2.116s] [34mcolcon.colcon_core.package_identification[0m [1;30mLevel 1[0m _identify(7.话题发布小说) by extensions ['ignore', 'ignore_ament_install']
[2.116s] [34mcolcon.colcon_core.package_identification[0m [1;30mLevel 1[0m _identify(7.话题发布小说) by extension 'ignore'
[2.116s] [34mcolcon.colcon_core.package_identification[0m [1;30mLevel 1[0m _identify(7.话题发布小说) by extension 'ignore_ament_install'
[2.116s] [34mcolcon.colcon_core.package_identification[0m [1;30mLevel 1[0m _identify(7.话题发布小说) by extensions ['colcon_pkg']
[2.116s] [34mcolcon.colcon_core.package_identification[0m [1;30mLevel 1[0m _identify(7.话题发布小说) by extension 'colcon_pkg'
[2.116s] [34mcolcon.colcon_core.package_identification[0m [1;30mLevel 1[0m _identify(7.话题发布小说) by extensions ['colcon_meta']
[2.117s] [34mcolcon.colcon_core.package_identification[0m [1;30mLevel 1[0m _identify(7.话题发布小说) by extension 'colcon_meta'
[2.117s] [34mcolcon.colcon_core.package_identification[0m [1;30mLevel 1[0m _identify(7.话题发布小说) by extensions ['ros']
[2.117s] [34mcolcon.colcon_core.package_identification[0m [1;30mLevel 1[0m _identify(7.话题发布小说) by extension 'ros'
[2.117s] [34mcolcon.colcon_core.package_identification[0m [1;30mLevel 1[0m _identify(7.话题发布小说) by extensions ['cmake', 'python']
[2.117s] [34mcolcon.colcon_core.package_identification[0m [1;30mLevel 1[0m _identify(7.话题发布小说) by extension 'cmake'
[2.117s] [34mcolcon.colcon_core.package_identification[0m [1;30mLevel 1[0m _identify(7.话题发布小说) by extension 'python'
[2.117s] [34mcolcon.colcon_core.package_identification[0m [1;30mLevel 1[0m _identify(7.话题发布小说) by extensions ['python_setup_py']
[2.117s] [34mcolcon.colcon_core.package_identification[0m [1;30mLevel 1[0m _identify(7.话题发布小说) by extension 'python_setup_py'
[2.118s] [34mcolcon.colcon_core.package_identification[0m [1;30mLevel 1[0m _identify(7.话题发布小说/build) by extensions ['ignore', 'ignore_ament_install']
[2.118s] [34mcolcon.colcon_core.package_identification[0m [1;30mLevel 1[0m _identify(7.话题发布小说/build) by extension 'ignore'
[2.118s] [34mcolcon.colcon_core.package_identification[0m [1;30mLevel 1[0m _identify(7.话题发布小说/build) ignored
[2.118s] [34mcolcon.colcon_core.package_identification[0m [1;30mLevel 1[0m _identify(7.话题发布小说/install) by extensions ['ignore', 'ignore_ament_install']
[2.119s] [34mcolcon.colcon_core.package_identification[0m [1;30mLevel 1[0m _identify(7.话题发布小说/install) by extension 'ignore'
[2.119s] [34mcolcon.colcon_core.package_identification[0m [1;30mLevel 1[0m _identify(7.话题发布小说/install) ignored
[2.119s] [34mcolcon.colcon_core.package_identification[0m [1;30mLevel 1[0m _identify(7.话题发布小说/log) by extensions ['ignore', 'ignore_ament_install']
[2.119s] [34mcolcon.colcon_core.package_identification[0m [1;30mLevel 1[0m _identify(7.话题发布小说/log) by extension 'ignore'
[2.119s] [34mcolcon.colcon_core.package_identification[0m [1;30mLevel 1[0m _identify(7.话题发布小说/log) ignored
[2.120s] [34mcolcon.colcon_core.package_identification[0m [1;30mLevel 1[0m _identify(7.话题发布小说/src) by extensions ['ignore', 'ignore_ament_install']
[2.120s] [34mcolcon.colcon_core.package_identification[0m [1;30mLevel 1[0m _identify(7.话题发布小说/src) by extension 'ignore'
[2.120s] [34mcolcon.colcon_core.package_identification[0m [1;30mLevel 1[0m _identify(7.话题发布小说/src) by extension 'ignore_ament_install'
[2.120s] [34mcolcon.colcon_core.package_identification[0m [1;30mLevel 1[0m _identify(7.话题发布小说/src) by extensions ['colcon_pkg']
[2.120s] [34mcolcon.colcon_core.package_identification[0m [1;30mLevel 1[0m _identify(7.话题发布小说/src) by extension 'colcon_pkg'
[2.120s] [34mcolcon.colcon_core.package_identification[0m [1;30mLevel 1[0m _identify(7.话题发布小说/src) by extensions ['colcon_meta']
[2.120s] [34mcolcon.colcon_core.package_identification[0m [1;30mLevel 1[0m _identify(7.话题发布小说/src) by extension 'colcon_meta'
[2.121s] [34mcolcon.colcon_core.package_identification[0m [1;30mLevel 1[0m _identify(7.话题发布小说/src) by extensions ['ros']
[2.121s] [34mcolcon.colcon_core.package_identification[0m [1;30mLevel 1[0m _identify(7.话题发布小说/src) by extension 'ros'
[2.121s] [34mcolcon.colcon_core.package_identification[0m [1;30mLevel 1[0m _identify(7.话题发布小说/src) by extensions ['cmake', 'python']
[2.121s] [34mcolcon.colcon_core.package_identification[0m [1;30mLevel 1[0m _identify(7.话题发布小说/src) by extension 'cmake'
[2.121s] [34mcolcon.colcon_core.package_identification[0m [1;30mLevel 1[0m _identify(7.话题发布小说/src) by extension 'python'
[2.121s] [34mcolcon.colcon_core.package_identification[0m [1;30mLevel 1[0m _identify(7.话题发布小说/src) by extensions ['python_setup_py']
[2.121s] [34mcolcon.colcon_core.package_identification[0m [1;30mLevel 1[0m _identify(7.话题发布小说/src) by extension 'python_setup_py'
[2.121s] [34mcolcon.colcon_core.package_identification[0m [1;30mLevel 1[0m _identify(7.话题发布小说/src/python_topic) by extensions ['ignore', 'ignore_ament_install']
[2.122s] [34mcolcon.colcon_core.package_identification[0m [1;30mLevel 1[0m _identify(7.话题发布小说/src/python_topic) by extension 'ignore'
[2.122s] [34mcolcon.colcon_core.package_identification[0m [1;30mLevel 1[0m _identify(7.话题发布小说/src/python_topic) by extension 'ignore_ament_install'
[2.122s] [34mcolcon.colcon_core.package_identification[0m [1;30mLevel 1[0m _identify(7.话题发布小说/src/python_topic) by extensions ['colcon_pkg']
[2.122s] [34mcolcon.colcon_core.package_identification[0m [1;30mLevel 1[0m _identify(7.话题发布小说/src/python_topic) by extension 'colcon_pkg'
[2.122s] [34mcolcon.colcon_core.package_identification[0m [1;30mLevel 1[0m _identify(7.话题发布小说/src/python_topic) by extensions ['colcon_meta']
[2.122s] [34mcolcon.colcon_core.package_identification[0m [1;30mLevel 1[0m _identify(7.话题发布小说/src/python_topic) by extension 'colcon_meta'
[2.122s] [34mcolcon.colcon_core.package_identification[0m [1;30mLevel 1[0m _identify(7.话题发布小说/src/python_topic) by extensions ['ros']
[2.122s] [34mcolcon.colcon_core.package_identification[0m [1;30mLevel 1[0m _identify(7.话题发布小说/src/python_topic) by extension 'ros'
[2.148s] [34mcolcon.colcon_core.package_identification[0m [1;30mDEBUG[0m [32mPackage '7.话题发布小说/src/python_topic' with type 'ros.ament_python' and name 'python_topic'[0m
[2.149s] [34mcolcon.colcon_core.package_identification[0m [1;30mLevel 1[0m _identify(8.海龟控制画园) by extensions ['ignore', 'ignore_ament_install']
[2.149s] [34mcolcon.colcon_core.package_identification[0m [1;30mLevel 1[0m _identify(8.海龟控制画园) by extension 'ignore'
[2.149s] [34mcolcon.colcon_core.package_identification[0m [1;30mLevel 1[0m _identify(8.海龟控制画园) by extension 'ignore_ament_install'
[2.149s] [34mcolcon.colcon_core.package_identification[0m [1;30mLevel 1[0m _identify(8.海龟控制画园) by extensions ['colcon_pkg']
[2.149s] [34mcolcon.colcon_core.package_identification[0m [1;30mLevel 1[0m _identify(8.海龟控制画园) by extension 'colcon_pkg'
[2.150s] [34mcolcon.colcon_core.package_identification[0m [1;30mLevel 1[0m _identify(8.海龟控制画园) by extensions ['colcon_meta']
[2.150s] [34mcolcon.colcon_core.package_identification[0m [1;30mLevel 1[0m _identify(8.海龟控制画园) by extension 'colcon_meta'
[2.150s] [34mcolcon.colcon_core.package_identification[0m [1;30mLevel 1[0m _identify(8.海龟控制画园) by extensions ['ros']
[2.150s] [34mcolcon.colcon_core.package_identification[0m [1;30mLevel 1[0m _identify(8.海龟控制画园) by extension 'ros'
[2.150s] [34mcolcon.colcon_core.package_identification[0m [1;30mLevel 1[0m _identify(8.海龟控制画园) by extensions ['cmake', 'python']
[2.150s] [34mcolcon.colcon_core.package_identification[0m [1;30mLevel 1[0m _identify(8.海龟控制画园) by extension 'cmake'
[2.150s] [34mcolcon.colcon_core.package_identification[0m [1;30mLevel 1[0m _identify(8.海龟控制画园) by extension 'python'
[2.150s] [34mcolcon.colcon_core.package_identification[0m [1;30mLevel 1[0m _identify(8.海龟控制画园) by extensions ['python_setup_py']
[2.150s] [34mcolcon.colcon_core.package_identification[0m [1;30mLevel 1[0m _identify(8.海龟控制画园) by extension 'python_setup_py'
[2.150s] [34mcolcon.colcon_core.package_identification[0m [1;30mLevel 1[0m _identify(8.海龟控制画园/build) by extensions ['ignore', 'ignore_ament_install']
[2.151s] [34mcolcon.colcon_core.package_identification[0m [1;30mLevel 1[0m _identify(8.海龟控制画园/build) by extension 'ignore'
[2.151s] [34mcolcon.colcon_core.package_identification[0m [1;30mLevel 1[0m _identify(8.海龟控制画园/build) ignored
[2.151s] [34mcolcon.colcon_core.package_identification[0m [1;30mLevel 1[0m _identify(8.海龟控制画园/cpp_topic) by extensions ['ignore', 'ignore_ament_install']
[2.152s] [34mcolcon.colcon_core.package_identification[0m [1;30mLevel 1[0m _identify(8.海龟控制画园/cpp_topic) by extension 'ignore'
[2.152s] [34mcolcon.colcon_core.package_identification[0m [1;30mLevel 1[0m _identify(8.海龟控制画园/cpp_topic) by extension 'ignore_ament_install'
[2.152s] [34mcolcon.colcon_core.package_identification[0m [1;30mLevel 1[0m _identify(8.海龟控制画园/cpp_topic) by extensions ['colcon_pkg']
[2.152s] [34mcolcon.colcon_core.package_identification[0m [1;30mLevel 1[0m _identify(8.海龟控制画园/cpp_topic) by extension 'colcon_pkg'
[2.152s] [34mcolcon.colcon_core.package_identification[0m [1;30mLevel 1[0m _identify(8.海龟控制画园/cpp_topic) by extensions ['colcon_meta']
[2.152s] [34mcolcon.colcon_core.package_identification[0m [1;30mLevel 1[0m _identify(8.海龟控制画园/cpp_topic) by extension 'colcon_meta'
[2.152s] [34mcolcon.colcon_core.package_identification[0m [1;30mLevel 1[0m _identify(8.海龟控制画园/cpp_topic) by extensions ['ros']
[2.152s] [34mcolcon.colcon_core.package_identification[0m [1;30mLevel 1[0m _identify(8.海龟控制画园/cpp_topic) by extension 'ros'
[2.155s] [34mcolcon.colcon_core.package_identification[0m [1;30mDEBUG[0m [32mPackage '8.海龟控制画园/cpp_topic' with type 'ros.ament_cmake' and name 'cpp_topic'[0m
[2.156s] [34mcolcon.colcon_core.package_identification[0m [1;30mLevel 1[0m _identify(8.海龟控制画园/install) by extensions ['ignore', 'ignore_ament_install']
[2.156s] [34mcolcon.colcon_core.package_identification[0m [1;30mLevel 1[0m _identify(8.海龟控制画园/install) by extension 'ignore'
[2.156s] [34mcolcon.colcon_core.package_identification[0m [1;30mLevel 1[0m _identify(8.海龟控制画园/install) ignored
[2.157s] [34mcolcon.colcon_core.package_identification[0m [1;30mLevel 1[0m _identify(8.海龟控制画园/log) by extensions ['ignore', 'ignore_ament_install']
[2.157s] [34mcolcon.colcon_core.package_identification[0m [1;30mLevel 1[0m _identify(8.海龟控制画园/log) by extension 'ignore'
[2.157s] [34mcolcon.colcon_core.package_identification[0m [1;30mLevel 1[0m _identify(8.海龟控制画园/log) ignored
[2.158s] [34mcolcon.colcon_core.package_identification[0m [1;30mLevel 1[0m _identify(9.订阅Pose实现闭环控制) by extensions ['ignore', 'ignore_ament_install']
[2.158s] [34mcolcon.colcon_core.package_identification[0m [1;30mLevel 1[0m _identify(9.订阅Pose实现闭环控制) by extension 'ignore'
[2.158s] [34mcolcon.colcon_core.package_identification[0m [1;30mLevel 1[0m _identify(9.订阅Pose实现闭环控制) by extension 'ignore_ament_install'
[2.158s] [34mcolcon.colcon_core.package_identification[0m [1;30mLevel 1[0m _identify(9.订阅Pose实现闭环控制) by extensions ['colcon_pkg']
[2.158s] [34mcolcon.colcon_core.package_identification[0m [1;30mLevel 1[0m _identify(9.订阅Pose实现闭环控制) by extension 'colcon_pkg'
[2.158s] [34mcolcon.colcon_core.package_identification[0m [1;30mLevel 1[0m _identify(9.订阅Pose实现闭环控制) by extensions ['colcon_meta']
[2.158s] [34mcolcon.colcon_core.package_identification[0m [1;30mLevel 1[0m _identify(9.订阅Pose实现闭环控制) by extension 'colcon_meta'
[2.159s] [34mcolcon.colcon_core.package_identification[0m [1;30mLevel 1[0m _identify(9.订阅Pose实现闭环控制) by extensions ['ros']
[2.159s] [34mcolcon.colcon_core.package_identification[0m [1;30mLevel 1[0m _identify(9.订阅Pose实现闭环控制) by extension 'ros'
[2.159s] [34mcolcon.colcon_core.package_identification[0m [1;30mLevel 1[0m _identify(9.订阅Pose实现闭环控制) by extensions ['cmake', 'python']
[2.159s] [34mcolcon.colcon_core.package_identification[0m [1;30mLevel 1[0m _identify(9.订阅Pose实现闭环控制) by extension 'cmake'
[2.159s] [34mcolcon.colcon_core.package_identification[0m [1;30mLevel 1[0m _identify(9.订阅Pose实现闭环控制) by extension 'python'
[2.159s] [34mcolcon.colcon_core.package_identification[0m [1;30mLevel 1[0m _identify(9.订阅Pose实现闭环控制) by extensions ['python_setup_py']
[2.159s] [34mcolcon.colcon_core.package_identification[0m [1;30mLevel 1[0m _identify(9.订阅Pose实现闭环控制) by extension 'python_setup_py'
[2.160s] [34mcolcon.colcon_core.package_identification[0m [1;30mLevel 1[0m _identify(9.订阅Pose实现闭环控制/build) by extensions ['ignore', 'ignore_ament_install']
[2.160s] [34mcolcon.colcon_core.package_identification[0m [1;30mLevel 1[0m _identify(9.订阅Pose实现闭环控制/build) by extension 'ignore'
[2.160s] [34mcolcon.colcon_core.package_identification[0m [1;30mLevel 1[0m _identify(9.订阅Pose实现闭环控制/build) ignored
[2.160s] [34mcolcon.colcon_core.package_identification[0m [1;30mLevel 1[0m _identify(9.订阅Pose实现闭环控制/install) by extensions ['ignore', 'ignore_ament_install']
[2.161s] [34mcolcon.colcon_core.package_identification[0m [1;30mLevel 1[0m _identify(9.订阅Pose实现闭环控制/install) by extension 'ignore'
[2.161s] [34mcolcon.colcon_core.package_identification[0m [1;30mLevel 1[0m _identify(9.订阅Pose实现闭环控制/install) ignored
[2.161s] [34mcolcon.colcon_core.package_identification[0m [1;30mLevel 1[0m _identify(9.订阅Pose实现闭环控制/log) by extensions ['ignore', 'ignore_ament_install']
[2.161s] [34mcolcon.colcon_core.package_identification[0m [1;30mLevel 1[0m _identify(9.订阅Pose实现闭环控制/log) by extension 'ignore'
[2.161s] [34mcolcon.colcon_core.package_identification[0m [1;30mLevel 1[0m _identify(9.订阅Pose实现闭环控制/log) ignored
[2.162s] [34mcolcon.colcon_core.package_identification[0m [1;30mLevel 1[0m _identify(9.订阅Pose实现闭环控制/src) by extensions ['ignore', 'ignore_ament_install']
[2.162s] [34mcolcon.colcon_core.package_identification[0m [1;30mLevel 1[0m _identify(9.订阅Pose实现闭环控制/src) by extension 'ignore'
[2.162s] [34mcolcon.colcon_core.package_identification[0m [1;30mLevel 1[0m _identify(9.订阅Pose实现闭环控制/src) by extension 'ignore_ament_install'
[2.162s] [34mcolcon.colcon_core.package_identification[0m [1;30mLevel 1[0m _identify(9.订阅Pose实现闭环控制/src) by extensions ['colcon_pkg']
[2.162s] [34mcolcon.colcon_core.package_identification[0m [1;30mLevel 1[0m _identify(9.订阅Pose实现闭环控制/src) by extension 'colcon_pkg'
[2.162s] [34mcolcon.colcon_core.package_identification[0m [1;30mLevel 1[0m _identify(9.订阅Pose实现闭环控制/src) by extensions ['colcon_meta']
[2.162s] [34mcolcon.colcon_core.package_identification[0m [1;30mLevel 1[0m _identify(9.订阅Pose实现闭环控制/src) by extension 'colcon_meta'
[2.163s] [34mcolcon.colcon_core.package_identification[0m [1;30mLevel 1[0m _identify(9.订阅Pose实现闭环控制/src) by extensions ['ros']
[2.163s] [34mcolcon.colcon_core.package_identification[0m [1;30mLevel 1[0m _identify(9.订阅Pose实现闭环控制/src) by extension 'ros'
[2.163s] [34mcolcon.colcon_core.package_identification[0m [1;30mLevel 1[0m _identify(9.订阅Pose实现闭环控制/src) by extensions ['cmake', 'python']
[2.163s] [34mcolcon.colcon_core.package_identification[0m [1;30mLevel 1[0m _identify(9.订阅Pose实现闭环控制/src) by extension 'cmake'
[2.164s] [34mcolcon.colcon_core.package_identification[0m [1;30mLevel 1[0m _identify(9.订阅Pose实现闭环控制/src) by extension 'python'
[2.164s] [34mcolcon.colcon_core.package_identification[0m [1;30mLevel 1[0m _identify(9.订阅Pose实现闭环控制/src) by extensions ['python_setup_py']
[2.164s] [34mcolcon.colcon_core.package_identification[0m [1;30mLevel 1[0m _identify(9.订阅Pose实现闭环控制/src) by extension 'python_setup_py'
[2.165s] [34mcolcon.colcon_core.package_identification[0m [1;30mLevel 1[0m _identify(9.订阅Pose实现闭环控制/src/cpp_pose_topic) by extensions ['ignore', 'ignore_ament_install']
[2.165s] [34mcolcon.colcon_core.package_identification[0m [1;30mLevel 1[0m _identify(9.订阅Pose实现闭环控制/src/cpp_pose_topic) by extension 'ignore'
[2.165s] [34mcolcon.colcon_core.package_identification[0m [1;30mLevel 1[0m _identify(9.订阅Pose实现闭环控制/src/cpp_pose_topic) by extension 'ignore_ament_install'
[2.166s] [34mcolcon.colcon_core.package_identification[0m [1;30mLevel 1[0m _identify(9.订阅Pose实现闭环控制/src/cpp_pose_topic) by extensions ['colcon_pkg']
[2.166s] [34mcolcon.colcon_core.package_identification[0m [1;30mLevel 1[0m _identify(9.订阅Pose实现闭环控制/src/cpp_pose_topic) by extension 'colcon_pkg'
[2.166s] [34mcolcon.colcon_core.package_identification[0m [1;30mLevel 1[0m _identify(9.订阅Pose实现闭环控制/src/cpp_pose_topic) by extensions ['colcon_meta']
[2.166s] [34mcolcon.colcon_core.package_identification[0m [1;30mLevel 1[0m _identify(9.订阅Pose实现闭环控制/src/cpp_pose_topic) by extension 'colcon_meta'
[2.166s] [34mcolcon.colcon_core.package_identification[0m [1;30mLevel 1[0m _identify(9.订阅Pose实现闭环控制/src/cpp_pose_topic) by extensions ['ros']
[2.166s] [34mcolcon.colcon_core.package_identification[0m [1;30mLevel 1[0m _identify(9.订阅Pose实现闭环控制/src/cpp_pose_topic) by extension 'ros'
[2.169s] [34mcolcon.colcon_core.package_identification[0m [1;30mDEBUG[0m [32mPackage '9.订阅Pose实现闭环控制/src/cpp_pose_topic' with type 'ros.ament_cmake' and name 'cpp_pose_topic'[0m
[2.170s] [34mcolcon.colcon_core.package_identification[0m [1;30mLevel 1[0m _identify(build) by extensions ['ignore', 'ignore_ament_install']
[2.170s] [34mcolcon.colcon_core.package_identification[0m [1;30mLevel 1[0m _identify(build) by extension 'ignore'
[2.170s] [34mcolcon.colcon_core.package_identification[0m [1;30mLevel 1[0m _identify(build) ignored
[2.171s] [34mcolcon.colcon_core.package_identification[0m [1;30mLevel 1[0m _identify(install) by extensions ['ignore', 'ignore_ament_install']
[2.171s] [34mcolcon.colcon_core.package_identification[0m [1;30mLevel 1[0m _identify(install) by extension 'ignore'
[2.171s] [34mcolcon.colcon_core.package_identification[0m [1;30mLevel 1[0m _identify(install) ignored
[2.171s] [34mcolcon.colcon_core.package_identification[0m [1;30mLevel 1[0m _identify(log) by extensions ['ignore', 'ignore_ament_install']
[2.172s] [34mcolcon.colcon_core.package_identification[0m [1;30mLevel 1[0m _identify(log) by extension 'ignore'
[2.172s] [34mcolcon.colcon_core.package_identification[0m [1;30mLevel 1[0m _identify(log) ignored
[2.172s] [34mcolcon.colcon_core.package_discovery[0m [1;30mLevel 1[0m discover_packages(recursive) using defaults
[2.172s] [34mcolcon.colcon_core.package_discovery[0m [1;30mLevel 1[0m discover_packages(ignore) discover
[2.172s] [34mcolcon.colcon_core.package_discovery[0m [1;30mLevel 1[0m discover_packages(ignore) using defaults
[2.172s] [34mcolcon.colcon_core.package_discovery[0m [1;30mLevel 1[0m discover_packages(path) discover
[2.172s] [34mcolcon.colcon_core.package_discovery[0m [1;30mLevel 1[0m discover_packages(path) using defaults
[2.256s] [34mcolcon.colcon_core.package_discovery[0m [1;30mLevel 1[0m discover_packages(prefix_path) check parameters
[2.257s] [34mcolcon.colcon_core.package_discovery[0m [1;30mLevel 1[0m discover_packages(prefix_path) discover
[2.265s] [34mcolcon.colcon_installed_package_information.package_discovery[0m [1;30mDEBUG[0m [32mFound 272 installed packages in /opt/ros/humble[0m
[2.268s] [34mcolcon.colcon_core.package_discovery[0m [1;30mLevel 1[0m discover_packages(prefix_path) using defaults
[2.352s] [34mcolcon[0m [1;30mERROR[0m [31mcolcon build: Duplicate package names not supported:
- cpp_pkg:
  - 4.OPP_learn/src/cpp_pkg
  - 5.CPP_new_feature/src/cpp_pkg
  - 6.Thread/src/cpp_pkg
- demo_cpp_pkg:
  - 2.cpp_pkg/demo_cpp_pkg
  - 3.workspace/src/2.cpp_pkg/demo_cpp_pkg
- demo_python_pkg:
  - 2.python_pkg/demo_python_pkg
  - 3.workspace/src/2.python_pkg/demo_python_pkg
- demo_python_service:
  - 11.Face_Recognition/src/demo_python_service
  - 13.Parameter_Python/src/demo_python_service
- face_interfaces:
  - 11.Face_Recognition/src/face_interfaces
  - 13.Parameter_Python/src/face_interfaces
- python_pkg:
  - 4.OPP_learn/src/python_pkg
  - 5.CPP_new_feature/src/python_pkg
  - 6.Thread/src/python_pkg[0m
