[0.000000] (-) TimerEvent: {}
[0.000538] (cpp_pose_topic) JobQueued: {'identifier': 'cpp_pose_topic', 'dependencies': OrderedDict()}
[0.000653] (turtle_control_interfaces) JobQueued: {'identifier': 'turtle_control_interfaces', 'dependencies': OrderedDict()}
[0.000731] (cpp_pose_topic) JobStarted: {'identifier': 'cpp_pose_topic'}
[0.003842] (turtle_control_interfaces) JobStarted: {'identifier': 'turtle_control_interfaces'}
[0.006635] (cpp_pose_topic) JobProgress: {'identifier': 'cpp_pose_topic', 'progress': 'cmake'}
[0.006993] (cpp_pose_topic) Command: {'cmd': ['/usr/bin/cmake', '/home/lxf/Desktop/ROS/16.Launch_parameter/src/cpp_pose_topic', '-DCMAKE_INSTALL_PREFIX=/home/lxf/Desktop/ROS/16.Launch_parameter/install/cpp_pose_topic'], 'cwd': '/home/lxf/Desktop/ROS/16.Launch_parameter/build/cpp_pose_topic', 'env': OrderedDict([('GJS_DEBUG_TOPICS', 'JS ERROR;JS LOG'), ('PYTHON_BASIC_REPL', '1'), ('LESSOPEN', '| /usr/bin/lesspipe %s'), ('LANGUAGE', 'zh_CN:en'), ('USER', 'lxf'), ('LC_TIME', 'zh_CN.UTF-8'), ('XDG_SESSION_TYPE', 'x11'), ('GIT_ASKPASS', '/usr/share/code/resources/app/extensions/git/dist/askpass.sh'), ('SHLVL', '1'), ('LD_LIBRARY_PATH', '/opt/ros/humble/opt/rviz_ogre_vendor/lib:/opt/ros/humble/lib/x86_64-linux-gnu:/opt/ros/humble/lib'), ('HOME', '/home/lxf'), ('CHROME_DESKTOP', 'code.desktop'), ('OLDPWD', '/home/lxf/Desktop/ROS'), ('TERM_PROGRAM_VERSION', '1.106.2'), ('DESKTOP_SESSION', 'ubuntu-xorg'), ('GIO_LAUNCHED_DESKTOP_FILE', '/usr/share/applications/code.desktop'), ('ROS_PYTHON_VERSION', '3'), ('GNOME_SHELL_SESSION_MODE', 'ubuntu'), ('GTK_MODULES', 'gail:atk-bridge'), ('VSCODE_GIT_ASKPASS_MAIN', '/usr/share/code/resources/app/extensions/git/dist/askpass-main.js'), ('LC_MONETARY', 'zh_CN.UTF-8'), ('VSCODE_GIT_ASKPASS_NODE', '/usr/share/code/code'), ('MANAGERPID', '1679'), ('PYDEVD_DISABLE_FILE_VALIDATION', '1'), ('SYSTEMD_EXEC_PID', '2169'), ('BUNDLED_DEBUGPY_PATH', '/home/lxf/.vscode/extensions/ms-python.debugpy-2025.18.0-linux-x64/bundled/libs/debugpy'), ('VSCODE_PYTHON_AUTOACTIVATE_GUARD', '1'), ('DBUS_SESSION_BUS_ADDRESS', 'unix:path=/run/user/1000/bus'), ('COLORTERM', 'truecolor'), ('GIO_LAUNCHED_DESKTOP_FILE_PID', '5836'), ('ROS_DISTRO', 'humble'), ('GTK_IM_MODULE', 'ibus'), ('LOGNAME', 'lxf'), ('JOURNAL_STREAM', '8:4007'), ('_', '/usr/bin/colcon'), ('ROS_VERSION', '2'), ('XDG_SESSION_CLASS', 'user'), ('USERNAME', 'lxf'), ('TERM', 'xterm-256color'), ('GNOME_DESKTOP_SESSION_ID', 'this-is-deprecated'), ('ROS_LOCALHOST_ONLY', '0'), ('WINDOWPATH', '2'), ('PATH', '/usr/local/jdk/jdk-21.0.9/bin:/home/lxf/.config/Code/User/globalStorage/github.copilot-chat/debugCommand:/home/lxf/.config/Code/User/globalStorage/github.copilot-chat/copilotCli:/home/lxf/.local/bin:/usr/local/jdk/jdk-21.0.9/bin:/opt/ros/humble/bin:/usr/local/jdk/jdk-21.0.9/bin:/home/lxf/.local/bin:/usr/local/jdk/jdk-21.0.9/bin:/usr/local/sbin:/usr/local/bin:/usr/sbin:/usr/bin:/sbin:/bin:/usr/games:/usr/local/games:/snap/bin:/snap/bin:/home/lxf/.vscode/extensions/ms-python.debugpy-2025.18.0-linux-x64/bundled/scripts/noConfigScripts'), ('SESSION_MANAGER', 'local/lxf-Cyborg-14-A13VF:@/tmp/.ICE-unix/2122,unix/lxf-Cyborg-14-A13VF:/tmp/.ICE-unix/2122'), ('INVOCATION_ID', '974dd0a0a44442929aed8864053050f1'), ('PAPERSIZE', 'a4'), ('XDG_MENU_PREFIX', 'gnome-'), ('LC_ADDRESS', 'zh_CN.UTF-8'), ('XDG_RUNTIME_DIR', '/run/user/1000'), ('GDK_BACKEND', 'x11'), ('DISPLAY', ':1'), ('VSCODE_DEBUGPY_ADAPTER_ENDPOINTS', '/home/lxf/.vscode/extensions/ms-python.debugpy-2025.18.0-linux-x64/.noConfigDebugAdapterEndpoints/endpoint-3d760fdd5832552a.txt'), ('LANG', 'zh_CN.UTF-8'), ('XDG_CURRENT_DESKTOP', 'Unity'), ('PYTHONSTARTUP', '/home/lxf/.config/Code/User/workspaceStorage/fec71f9b2e3a7de36fe5046c73599786/ms-python.python/pythonrc.py'), ('LC_TELEPHONE', 'zh_CN.UTF-8'), ('XMODIFIERS', '@im=ibus'), ('XDG_SESSION_DESKTOP', 'ubuntu-xorg'), ('XAUTHORITY', '/run/user/1000/gdm/Xauthority'), ('LS_COLORS', 'rs=0:di=01;34:ln=01;36:mh=00:pi=40;33:so=01;35:do=01;35:bd=40;33;01:cd=40;33;01:or=40;31;01:mi=00:su=37;41:sg=30;43:ca=30;41:tw=30;42:ow=34;42:st=37;44:ex=01;32:*.tar=01;31:*.tgz=01;31:*.arc=01;31:*.arj=01;31:*.taz=01;31:*.lha=01;31:*.lz4=01;31:*.lzh=01;31:*.lzma=01;31:*.tlz=01;31:*.txz=01;31:*.tzo=01;31:*.t7z=01;31:*.zip=01;31:*.z=01;31:*.dz=01;31:*.gz=01;31:*.lrz=01;31:*.lz=01;31:*.lzo=01;31:*.xz=01;31:*.zst=01;31:*.tzst=01;31:*.bz2=01;31:*.bz=01;31:*.tbz=01;31:*.tbz2=01;31:*.tz=01;31:*.deb=01;31:*.rpm=01;31:*.jar=01;31:*.war=01;31:*.ear=01;31:*.sar=01;31:*.rar=01;31:*.alz=01;31:*.ace=01;31:*.zoo=01;31:*.cpio=01;31:*.7z=01;31:*.rz=01;31:*.cab=01;31:*.wim=01;31:*.swm=01;31:*.dwm=01;31:*.esd=01;31:*.jpg=01;35:*.jpeg=01;35:*.mjpg=01;35:*.mjpeg=01;35:*.gif=01;35:*.bmp=01;35:*.pbm=01;35:*.pgm=01;35:*.ppm=01;35:*.tga=01;35:*.xbm=01;35:*.xpm=01;35:*.tif=01;35:*.tiff=01;35:*.png=01;35:*.svg=01;35:*.svgz=01;35:*.mng=01;35:*.pcx=01;35:*.mov=01;35:*.mpg=01;35:*.mpeg=01;35:*.m2v=01;35:*.mkv=01;35:*.webm=01;35:*.webp=01;35:*.ogm=01;35:*.mp4=01;35:*.m4v=01;35:*.mp4v=01;35:*.vob=01;35:*.qt=01;35:*.nuv=01;35:*.wmv=01;35:*.asf=01;35:*.rm=01;35:*.rmvb=01;35:*.flc=01;35:*.avi=01;35:*.fli=01;35:*.flv=01;35:*.gl=01;35:*.dl=01;35:*.xcf=01;35:*.xwd=01;35:*.yuv=01;35:*.cgm=01;35:*.emf=01;35:*.ogv=01;35:*.ogx=01;35:*.aac=00;36:*.au=00;36:*.flac=00;36:*.m4a=00;36:*.mid=00;36:*.midi=00;36:*.mka=00;36:*.mp3=00;36:*.mpc=00;36:*.ogg=00;36:*.ra=00;36:*.wav=00;36:*.oga=00;36:*.opus=00;36:*.spx=00;36:*.xspf=00;36:'), ('VSCODE_GIT_IPC_HANDLE', '/run/user/1000/vscode-git-953a7f316d.sock'), ('TERM_PROGRAM', 'vscode'), ('SSH_AGENT_LAUNCHER', 'gnome-keyring'), ('SSH_AUTH_SOCK', '/run/user/1000/keyring/ssh'), ('AMENT_PREFIX_PATH', '/opt/ros/humble'), ('ORIGINAL_XDG_CURRENT_DESKTOP', 'ubuntu:GNOME'), ('SHELL', '/bin/bash'), ('LC_NAME', 'zh_CN.UTF-8'), ('QT_ACCESSIBILITY', '1'), ('GDMSESSION', 'ubuntu-xorg'), ('LESSCLOSE', '/usr/bin/lesspipe %s %s'), ('LC_MEASUREMENT', 'zh_CN.UTF-8'), ('GPG_AGENT_INFO', '/run/user/1000/gnupg/S.gpg-agent:0:1'), ('GJS_DEBUG_OUTPUT', 'stderr'), ('LC_IDENTIFICATION', 'zh_CN.UTF-8'), ('VSCODE_GIT_ASKPASS_EXTRA_ARGS', ''), ('QT_IM_MODULE', 'ibus'), ('JAVA_HOME', '/usr/local/jdk/jdk-21.0.9'), ('PWD', '/home/lxf/Desktop/ROS/16.Launch_parameter/build/cpp_pose_topic'), ('XDG_CONFIG_DIRS', '/etc/xdg/xdg-ubuntu-xorg:/etc/xdg'), ('CLUTTER_IM_MODULE', 'xim'), ('XDG_DATA_DIRS', '/usr/share/ubuntu-xorg:/usr/share/gnome:/usr/local/share/:/usr/share/:/var/lib/snapd/desktop'), ('PYTHONPATH', '/opt/ros/humble/lib/python3.10/site-packages:/opt/ros/humble/local/lib/python3.10/dist-packages'), ('LC_NUMERIC', 'zh_CN.UTF-8'), ('LC_PAPER', 'zh_CN.UTF-8'), ('COLCON', '1'), ('CMAKE_PREFIX_PATH', '/opt/ros/humble')]), 'shell': False}
[0.008927] (turtle_control_interfaces) JobProgress: {'identifier': 'turtle_control_interfaces', 'progress': 'cmake'}
[0.009250] (turtle_control_interfaces) Command: {'cmd': ['/usr/bin/cmake', '/home/lxf/Desktop/ROS/16.Launch_parameter/src/turtle_control_interfaces', '-DCMAKE_INSTALL_PREFIX=/home/lxf/Desktop/ROS/16.Launch_parameter/install/turtle_control_interfaces'], 'cwd': '/home/lxf/Desktop/ROS/16.Launch_parameter/build/turtle_control_interfaces', 'env': OrderedDict([('GJS_DEBUG_TOPICS', 'JS ERROR;JS LOG'), ('PYTHON_BASIC_REPL', '1'), ('LESSOPEN', '| /usr/bin/lesspipe %s'), ('LANGUAGE', 'zh_CN:en'), ('USER', 'lxf'), ('LC_TIME', 'zh_CN.UTF-8'), ('XDG_SESSION_TYPE', 'x11'), ('GIT_ASKPASS', '/usr/share/code/resources/app/extensions/git/dist/askpass.sh'), ('SHLVL', '1'), ('LD_LIBRARY_PATH', '/opt/ros/humble/opt/rviz_ogre_vendor/lib:/opt/ros/humble/lib/x86_64-linux-gnu:/opt/ros/humble/lib'), ('HOME', '/home/lxf'), ('CHROME_DESKTOP', 'code.desktop'), ('OLDPWD', '/home/lxf/Desktop/ROS'), ('TERM_PROGRAM_VERSION', '1.106.2'), ('DESKTOP_SESSION', 'ubuntu-xorg'), ('GIO_LAUNCHED_DESKTOP_FILE', '/usr/share/applications/code.desktop'), ('ROS_PYTHON_VERSION', '3'), ('GNOME_SHELL_SESSION_MODE', 'ubuntu'), ('GTK_MODULES', 'gail:atk-bridge'), ('VSCODE_GIT_ASKPASS_MAIN', '/usr/share/code/resources/app/extensions/git/dist/askpass-main.js'), ('LC_MONETARY', 'zh_CN.UTF-8'), ('VSCODE_GIT_ASKPASS_NODE', '/usr/share/code/code'), ('MANAGERPID', '1679'), ('PYDEVD_DISABLE_FILE_VALIDATION', '1'), ('SYSTEMD_EXEC_PID', '2169'), ('BUNDLED_DEBUGPY_PATH', '/home/lxf/.vscode/extensions/ms-python.debugpy-2025.18.0-linux-x64/bundled/libs/debugpy'), ('VSCODE_PYTHON_AUTOACTIVATE_GUARD', '1'), ('DBUS_SESSION_BUS_ADDRESS', 'unix:path=/run/user/1000/bus'), ('COLORTERM', 'truecolor'), ('GIO_LAUNCHED_DESKTOP_FILE_PID', '5836'), ('ROS_DISTRO', 'humble'), ('GTK_IM_MODULE', 'ibus'), ('LOGNAME', 'lxf'), ('JOURNAL_STREAM', '8:4007'), ('_', '/usr/bin/colcon'), ('ROS_VERSION', '2'), ('XDG_SESSION_CLASS', 'user'), ('USERNAME', 'lxf'), ('TERM', 'xterm-256color'), ('GNOME_DESKTOP_SESSION_ID', 'this-is-deprecated'), ('ROS_LOCALHOST_ONLY', '0'), ('WINDOWPATH', '2'), ('PATH', '/usr/local/jdk/jdk-21.0.9/bin:/home/lxf/.config/Code/User/globalStorage/github.copilot-chat/debugCommand:/home/lxf/.config/Code/User/globalStorage/github.copilot-chat/copilotCli:/home/lxf/.local/bin:/usr/local/jdk/jdk-21.0.9/bin:/opt/ros/humble/bin:/usr/local/jdk/jdk-21.0.9/bin:/home/lxf/.local/bin:/usr/local/jdk/jdk-21.0.9/bin:/usr/local/sbin:/usr/local/bin:/usr/sbin:/usr/bin:/sbin:/bin:/usr/games:/usr/local/games:/snap/bin:/snap/bin:/home/lxf/.vscode/extensions/ms-python.debugpy-2025.18.0-linux-x64/bundled/scripts/noConfigScripts'), ('SESSION_MANAGER', 'local/lxf-Cyborg-14-A13VF:@/tmp/.ICE-unix/2122,unix/lxf-Cyborg-14-A13VF:/tmp/.ICE-unix/2122'), ('INVOCATION_ID', '974dd0a0a44442929aed8864053050f1'), ('PAPERSIZE', 'a4'), ('XDG_MENU_PREFIX', 'gnome-'), ('LC_ADDRESS', 'zh_CN.UTF-8'), ('XDG_RUNTIME_DIR', '/run/user/1000'), ('GDK_BACKEND', 'x11'), ('DISPLAY', ':1'), ('VSCODE_DEBUGPY_ADAPTER_ENDPOINTS', '/home/lxf/.vscode/extensions/ms-python.debugpy-2025.18.0-linux-x64/.noConfigDebugAdapterEndpoints/endpoint-3d760fdd5832552a.txt'), ('LANG', 'zh_CN.UTF-8'), ('XDG_CURRENT_DESKTOP', 'Unity'), ('PYTHONSTARTUP', '/home/lxf/.config/Code/User/workspaceStorage/fec71f9b2e3a7de36fe5046c73599786/ms-python.python/pythonrc.py'), ('LC_TELEPHONE', 'zh_CN.UTF-8'), ('XMODIFIERS', '@im=ibus'), ('XDG_SESSION_DESKTOP', 'ubuntu-xorg'), ('XAUTHORITY', '/run/user/1000/gdm/Xauthority'), ('LS_COLORS', 'rs=0:di=01;34:ln=01;36:mh=00:pi=40;33:so=01;35:do=01;35:bd=40;33;01:cd=40;33;01:or=40;31;01:mi=00:su=37;41:sg=30;43:ca=30;41:tw=30;42:ow=34;42:st=37;44:ex=01;32:*.tar=01;31:*.tgz=01;31:*.arc=01;31:*.arj=01;31:*.taz=01;31:*.lha=01;31:*.lz4=01;31:*.lzh=01;31:*.lzma=01;31:*.tlz=01;31:*.txz=01;31:*.tzo=01;31:*.t7z=01;31:*.zip=01;31:*.z=01;31:*.dz=01;31:*.gz=01;31:*.lrz=01;31:*.lz=01;31:*.lzo=01;31:*.xz=01;31:*.zst=01;31:*.tzst=01;31:*.bz2=01;31:*.bz=01;31:*.tbz=01;31:*.tbz2=01;31:*.tz=01;31:*.deb=01;31:*.rpm=01;31:*.jar=01;31:*.war=01;31:*.ear=01;31:*.sar=01;31:*.rar=01;31:*.alz=01;31:*.ace=01;31:*.zoo=01;31:*.cpio=01;31:*.7z=01;31:*.rz=01;31:*.cab=01;31:*.wim=01;31:*.swm=01;31:*.dwm=01;31:*.esd=01;31:*.jpg=01;35:*.jpeg=01;35:*.mjpg=01;35:*.mjpeg=01;35:*.gif=01;35:*.bmp=01;35:*.pbm=01;35:*.pgm=01;35:*.ppm=01;35:*.tga=01;35:*.xbm=01;35:*.xpm=01;35:*.tif=01;35:*.tiff=01;35:*.png=01;35:*.svg=01;35:*.svgz=01;35:*.mng=01;35:*.pcx=01;35:*.mov=01;35:*.mpg=01;35:*.mpeg=01;35:*.m2v=01;35:*.mkv=01;35:*.webm=01;35:*.webp=01;35:*.ogm=01;35:*.mp4=01;35:*.m4v=01;35:*.mp4v=01;35:*.vob=01;35:*.qt=01;35:*.nuv=01;35:*.wmv=01;35:*.asf=01;35:*.rm=01;35:*.rmvb=01;35:*.flc=01;35:*.avi=01;35:*.fli=01;35:*.flv=01;35:*.gl=01;35:*.dl=01;35:*.xcf=01;35:*.xwd=01;35:*.yuv=01;35:*.cgm=01;35:*.emf=01;35:*.ogv=01;35:*.ogx=01;35:*.aac=00;36:*.au=00;36:*.flac=00;36:*.m4a=00;36:*.mid=00;36:*.midi=00;36:*.mka=00;36:*.mp3=00;36:*.mpc=00;36:*.ogg=00;36:*.ra=00;36:*.wav=00;36:*.oga=00;36:*.opus=00;36:*.spx=00;36:*.xspf=00;36:'), ('VSCODE_GIT_IPC_HANDLE', '/run/user/1000/vscode-git-953a7f316d.sock'), ('TERM_PROGRAM', 'vscode'), ('SSH_AGENT_LAUNCHER', 'gnome-keyring'), ('SSH_AUTH_SOCK', '/run/user/1000/keyring/ssh'), ('AMENT_PREFIX_PATH', '/opt/ros/humble'), ('ORIGINAL_XDG_CURRENT_DESKTOP', 'ubuntu:GNOME'), ('SHELL', '/bin/bash'), ('LC_NAME', 'zh_CN.UTF-8'), ('QT_ACCESSIBILITY', '1'), ('GDMSESSION', 'ubuntu-xorg'), ('LESSCLOSE', '/usr/bin/lesspipe %s %s'), ('LC_MEASUREMENT', 'zh_CN.UTF-8'), ('GPG_AGENT_INFO', '/run/user/1000/gnupg/S.gpg-agent:0:1'), ('GJS_DEBUG_OUTPUT', 'stderr'), ('LC_IDENTIFICATION', 'zh_CN.UTF-8'), ('VSCODE_GIT_ASKPASS_EXTRA_ARGS', ''), ('QT_IM_MODULE', 'ibus'), ('JAVA_HOME', '/usr/local/jdk/jdk-21.0.9'), ('PWD', '/home/lxf/Desktop/ROS/16.Launch_parameter/build/turtle_control_interfaces'), ('XDG_CONFIG_DIRS', '/etc/xdg/xdg-ubuntu-xorg:/etc/xdg'), ('CLUTTER_IM_MODULE', 'xim'), ('XDG_DATA_DIRS', '/usr/share/ubuntu-xorg:/usr/share/gnome:/usr/local/share/:/usr/share/:/var/lib/snapd/desktop'), ('PYTHONPATH', '/opt/ros/humble/lib/python3.10/site-packages:/opt/ros/humble/local/lib/python3.10/dist-packages'), ('LC_NUMERIC', 'zh_CN.UTF-8'), ('LC_PAPER', 'zh_CN.UTF-8'), ('COLCON', '1'), ('CMAKE_PREFIX_PATH', '/opt/ros/humble')]), 'shell': False}
[0.049082] (turtle_control_interfaces) StdoutLine: {'line': b'-- The C compiler identification is GNU 11.4.0\n'}
[0.049529] (cpp_pose_topic) StdoutLine: {'line': b'-- The C compiler identification is GNU 11.4.0\n'}
[0.099788] (-) TimerEvent: {}
[0.104497] (turtle_control_interfaces) StdoutLine: {'line': b'-- The CXX compiler identification is GNU 11.4.0\n'}
[0.104744] (cpp_pose_topic) StdoutLine: {'line': b'-- The CXX compiler identification is GNU 11.4.0\n'}
[0.111861] (cpp_pose_topic) StdoutLine: {'line': b'-- Detecting C compiler ABI info\n'}
[0.112409] (turtle_control_interfaces) StdoutLine: {'line': b'-- Detecting C compiler ABI info\n'}
[0.196010] (turtle_control_interfaces) StdoutLine: {'line': b'-- Detecting C compiler ABI info - done\n'}
[0.196521] (cpp_pose_topic) StdoutLine: {'line': b'-- Detecting C compiler ABI info - done\n'}
[0.199945] (-) TimerEvent: {}
[0.204662] (turtle_control_interfaces) StdoutLine: {'line': b'-- Check for working C compiler: /usr/bin/cc - skipped\n'}
[0.204851] (turtle_control_interfaces) StdoutLine: {'line': b'-- Detecting C compile features\n'}
[0.205020] (cpp_pose_topic) StdoutLine: {'line': b'-- Check for working C compiler: /usr/bin/cc - skipped\n'}
[0.205216] (turtle_control_interfaces) StdoutLine: {'line': b'-- Detecting C compile features - done\n'}
[0.205334] (cpp_pose_topic) StdoutLine: {'line': b'-- Detecting C compile features\n'}
[0.205548] (cpp_pose_topic) StdoutLine: {'line': b'-- Detecting C compile features - done\n'}
[0.208354] (turtle_control_interfaces) StdoutLine: {'line': b'-- Detecting CXX compiler ABI info\n'}
[0.208554] (cpp_pose_topic) StdoutLine: {'line': b'-- Detecting CXX compiler ABI info\n'}
[0.277166] (turtle_control_interfaces) StdoutLine: {'line': b'-- Detecting CXX compiler ABI info - done\n'}
[0.277410] (cpp_pose_topic) StdoutLine: {'line': b'-- Detecting CXX compiler ABI info - done\n'}
[0.282730] (turtle_control_interfaces) StdoutLine: {'line': b'-- Check for working CXX compiler: /usr/bin/c++ - skipped\n'}
[0.283034] (turtle_control_interfaces) StdoutLine: {'line': b'-- Detecting CXX compile features\n'}
[0.283293] (cpp_pose_topic) StdoutLine: {'line': b'-- Check for working CXX compiler: /usr/bin/c++ - skipped\n'}
[0.283353] (turtle_control_interfaces) StdoutLine: {'line': b'-- Detecting CXX compile features - done\n'}
[0.283511] (cpp_pose_topic) StdoutLine: {'line': b'-- Detecting CXX compile features\n'}
[0.284109] (cpp_pose_topic) StdoutLine: {'line': b'-- Detecting CXX compile features - done\n'}
[0.284501] (turtle_control_interfaces) StdoutLine: {'line': b'-- Found ament_cmake: 1.3.12 (/opt/ros/humble/share/ament_cmake/cmake)\n'}
[0.285242] (cpp_pose_topic) StdoutLine: {'line': b'-- Found ament_cmake: 1.3.12 (/opt/ros/humble/share/ament_cmake/cmake)\n'}
[0.300056] (-) TimerEvent: {}
[0.395746] (turtle_control_interfaces) StdoutLine: {'line': b'-- Found Python3: /usr/bin/python3 (found version "3.10.12") found components: Interpreter \n'}
[0.400209] (cpp_pose_topic) StdoutLine: {'line': b'-- Found Python3: /usr/bin/python3 (found version "3.10.12") found components: Interpreter \n'}
[0.400404] (-) TimerEvent: {}
[0.478223] (turtle_control_interfaces) StdoutLine: {'line': b'-- Found rosidl_default_generators: 1.2.0 (/opt/ros/humble/share/rosidl_default_generators/cmake)\n'}
[0.479615] (turtle_control_interfaces) StdoutLine: {'line': b'-- Using all available rosidl_typesupport_c: rosidl_typesupport_fastrtps_c;rosidl_typesupport_introspection_c\n'}
[0.482867] (turtle_control_interfaces) StdoutLine: {'line': b'-- Found rosidl_adapter: 3.1.7 (/opt/ros/humble/share/rosidl_adapter/cmake)\n'}
[0.485776] (cpp_pose_topic) StdoutLine: {'line': b'-- Found rclcpp: 16.0.16 (/opt/ros/humble/share/rclcpp/cmake)\n'}
[0.500550] (-) TimerEvent: {}
[0.507097] (turtle_control_interfaces) StdoutLine: {'line': b'-- Using all available rosidl_typesupport_cpp: rosidl_typesupport_fastrtps_cpp;rosidl_typesupport_introspection_cpp\n'}
[0.511571] (cpp_pose_topic) StdoutLine: {'line': b'-- Found rosidl_generator_c: 3.1.7 (/opt/ros/humble/share/rosidl_generator_c/cmake)\n'}
[0.514213] (cpp_pose_topic) StdoutLine: {'line': b'-- Found rosidl_adapter: 3.1.7 (/opt/ros/humble/share/rosidl_adapter/cmake)\n'}
[0.518980] (cpp_pose_topic) StdoutLine: {'line': b'-- Found rosidl_generator_cpp: 3.1.7 (/opt/ros/humble/share/rosidl_generator_cpp/cmake)\n'}
[0.526113] (cpp_pose_topic) StdoutLine: {'line': b'-- Using all available rosidl_typesupport_c: rosidl_typesupport_fastrtps_c;rosidl_typesupport_introspection_c\n'}
[0.527075] (turtle_control_interfaces) StdoutLine: {'line': b'-- Found sensor_msgs: 4.9.0 (/opt/ros/humble/share/sensor_msgs/cmake)\n'}
[0.535675] (cpp_pose_topic) StdoutLine: {'line': b'-- Using all available rosidl_typesupport_cpp: rosidl_typesupport_fastrtps_cpp;rosidl_typesupport_introspection_cpp\n'}
[0.560972] (cpp_pose_topic) StdoutLine: {'line': b'-- Found rmw_implementation_cmake: 6.1.2 (/opt/ros/humble/share/rmw_implementation_cmake/cmake)\n'}
[0.562304] (cpp_pose_topic) StdoutLine: {'line': b'-- Found rmw_fastrtps_cpp: 6.2.9 (/opt/ros/humble/share/rmw_fastrtps_cpp/cmake)\n'}
[0.600649] (-) TimerEvent: {}
[0.634173] (cpp_pose_topic) StdoutLine: {'line': b'-- Found OpenSSL: /usr/lib/x86_64-linux-gnu/libcrypto.so (found version "3.0.2")  \n'}
[0.654183] (cpp_pose_topic) StdoutLine: {'line': b'-- Found FastRTPS: /opt/ros/humble/include  \n'}
[0.681735] (cpp_pose_topic) StdoutLine: {'line': b"-- Using RMW implementation 'rmw_fastrtps_cpp' as default\n"}
[0.686486] (cpp_pose_topic) StdoutLine: {'line': b'-- Looking for pthread.h\n'}
[0.700770] (-) TimerEvent: {}
[0.745285] (cpp_pose_topic) StdoutLine: {'line': b'-- Looking for pthread.h - found\n'}
[0.745821] (cpp_pose_topic) StdoutLine: {'line': b'-- Performing Test CMAKE_HAVE_LIBC_PTHREAD\n'}
[0.789997] (turtle_control_interfaces) StdoutLine: {'line': b'-- Found ament_cmake_ros: 0.10.0 (/opt/ros/humble/share/ament_cmake_ros/cmake)\n'}
[0.800884] (-) TimerEvent: {}
[0.810726] (cpp_pose_topic) StdoutLine: {'line': b'-- Performing Test CMAKE_HAVE_LIBC_PTHREAD - Success\n'}
[0.811557] (cpp_pose_topic) StdoutLine: {'line': b'-- Found Threads: TRUE  \n'}
[0.843864] (cpp_pose_topic) StdoutLine: {'line': b'-- Found geometry_msgs: 4.9.0 (/opt/ros/humble/share/geometry_msgs/cmake)\n'}
[0.852434] (cpp_pose_topic) StdoutLine: {'line': b'-- Found turtlesim: 1.4.3 (/opt/ros/humble/share/turtlesim/cmake)\n'}
[0.879881] (cpp_pose_topic) StdoutLine: {'line': b'-- Found ament_lint_auto: 0.12.14 (/opt/ros/humble/share/ament_lint_auto/cmake)\n'}
[0.900981] (-) TimerEvent: {}
[0.930371] (cpp_pose_topic) StdoutLine: {'line': b"-- Added test 'cppcheck' to perform static code analysis on C / C++ code\n"}
[0.930608] (cpp_pose_topic) StdoutLine: {'line': b'-- Configured cppcheck include dirs: /home/lxf/Desktop/ROS/16.Launch_parameter/src/cpp_pose_topic/include\n'}
[0.930708] (cpp_pose_topic) StdoutLine: {'line': b'-- Configured cppcheck exclude dirs and/or files: \n'}
[0.930826] (cpp_pose_topic) StdoutLine: {'line': b"-- Added test 'flake8' to check Python code syntax and style conventions\n"}
[0.931110] (cpp_pose_topic) StdoutLine: {'line': b"-- Added test 'lint_cmake' to check CMake code style\n"}
[0.931368] (cpp_pose_topic) StdoutLine: {'line': b"-- Added test 'pep257' to check Python code against some of the docstring style conventions in PEP 257\n"}
[0.931888] (cpp_pose_topic) StdoutLine: {'line': b"-- Added test 'uncrustify' to check C / C++ code style\n"}
[0.931978] (cpp_pose_topic) StdoutLine: {'line': b'-- Configured uncrustify additional arguments: \n'}
[0.932099] (cpp_pose_topic) StdoutLine: {'line': b"-- Added test 'xmllint' to check XML markup files\n"}
[0.932773] (cpp_pose_topic) StdoutLine: {'line': b'-- Configuring done\n'}
[0.944981] (cpp_pose_topic) StdoutLine: {'line': b'-- Generating done\n'}
[0.950350] (cpp_pose_topic) StdoutLine: {'line': b'-- Build files have been written to: /home/lxf/Desktop/ROS/16.Launch_parameter/build/cpp_pose_topic\n'}
[0.957716] (cpp_pose_topic) CommandEnded: {'returncode': 0}
[0.958441] (cpp_pose_topic) JobProgress: {'identifier': 'cpp_pose_topic', 'progress': 'build'}
[0.959415] (cpp_pose_topic) Command: {'cmd': ['/usr/bin/cmake', '--build', '/home/lxf/Desktop/ROS/16.Launch_parameter/build/cpp_pose_topic', '--', '-j16', '-l16'], 'cwd': '/home/lxf/Desktop/ROS/16.Launch_parameter/build/cpp_pose_topic', 'env': OrderedDict([('GJS_DEBUG_TOPICS', 'JS ERROR;JS LOG'), ('PYTHON_BASIC_REPL', '1'), ('LESSOPEN', '| /usr/bin/lesspipe %s'), ('LANGUAGE', 'zh_CN:en'), ('USER', 'lxf'), ('LC_TIME', 'zh_CN.UTF-8'), ('XDG_SESSION_TYPE', 'x11'), ('GIT_ASKPASS', '/usr/share/code/resources/app/extensions/git/dist/askpass.sh'), ('SHLVL', '1'), ('LD_LIBRARY_PATH', '/opt/ros/humble/opt/rviz_ogre_vendor/lib:/opt/ros/humble/lib/x86_64-linux-gnu:/opt/ros/humble/lib'), ('HOME', '/home/lxf'), ('CHROME_DESKTOP', 'code.desktop'), ('OLDPWD', '/home/lxf/Desktop/ROS'), ('TERM_PROGRAM_VERSION', '1.106.2'), ('DESKTOP_SESSION', 'ubuntu-xorg'), ('GIO_LAUNCHED_DESKTOP_FILE', '/usr/share/applications/code.desktop'), ('ROS_PYTHON_VERSION', '3'), ('GNOME_SHELL_SESSION_MODE', 'ubuntu'), ('GTK_MODULES', 'gail:atk-bridge'), ('VSCODE_GIT_ASKPASS_MAIN', '/usr/share/code/resources/app/extensions/git/dist/askpass-main.js'), ('LC_MONETARY', 'zh_CN.UTF-8'), ('VSCODE_GIT_ASKPASS_NODE', '/usr/share/code/code'), ('MANAGERPID', '1679'), ('PYDEVD_DISABLE_FILE_VALIDATION', '1'), ('SYSTEMD_EXEC_PID', '2169'), ('BUNDLED_DEBUGPY_PATH', '/home/lxf/.vscode/extensions/ms-python.debugpy-2025.18.0-linux-x64/bundled/libs/debugpy'), ('VSCODE_PYTHON_AUTOACTIVATE_GUARD', '1'), ('DBUS_SESSION_BUS_ADDRESS', 'unix:path=/run/user/1000/bus'), ('COLORTERM', 'truecolor'), ('GIO_LAUNCHED_DESKTOP_FILE_PID', '5836'), ('ROS_DISTRO', 'humble'), ('GTK_IM_MODULE', 'ibus'), ('LOGNAME', 'lxf'), ('JOURNAL_STREAM', '8:4007'), ('_', '/usr/bin/colcon'), ('ROS_VERSION', '2'), ('XDG_SESSION_CLASS', 'user'), ('USERNAME', 'lxf'), ('TERM', 'xterm-256color'), ('GNOME_DESKTOP_SESSION_ID', 'this-is-deprecated'), ('ROS_LOCALHOST_ONLY', '0'), ('WINDOWPATH', '2'), ('PATH', '/usr/local/jdk/jdk-21.0.9/bin:/home/lxf/.config/Code/User/globalStorage/github.copilot-chat/debugCommand:/home/lxf/.config/Code/User/globalStorage/github.copilot-chat/copilotCli:/home/lxf/.local/bin:/usr/local/jdk/jdk-21.0.9/bin:/opt/ros/humble/bin:/usr/local/jdk/jdk-21.0.9/bin:/home/lxf/.local/bin:/usr/local/jdk/jdk-21.0.9/bin:/usr/local/sbin:/usr/local/bin:/usr/sbin:/usr/bin:/sbin:/bin:/usr/games:/usr/local/games:/snap/bin:/snap/bin:/home/lxf/.vscode/extensions/ms-python.debugpy-2025.18.0-linux-x64/bundled/scripts/noConfigScripts'), ('SESSION_MANAGER', 'local/lxf-Cyborg-14-A13VF:@/tmp/.ICE-unix/2122,unix/lxf-Cyborg-14-A13VF:/tmp/.ICE-unix/2122'), ('INVOCATION_ID', '974dd0a0a44442929aed8864053050f1'), ('PAPERSIZE', 'a4'), ('XDG_MENU_PREFIX', 'gnome-'), ('LC_ADDRESS', 'zh_CN.UTF-8'), ('XDG_RUNTIME_DIR', '/run/user/1000'), ('GDK_BACKEND', 'x11'), ('DISPLAY', ':1'), ('VSCODE_DEBUGPY_ADAPTER_ENDPOINTS', '/home/lxf/.vscode/extensions/ms-python.debugpy-2025.18.0-linux-x64/.noConfigDebugAdapterEndpoints/endpoint-3d760fdd5832552a.txt'), ('LANG', 'zh_CN.UTF-8'), ('XDG_CURRENT_DESKTOP', 'Unity'), ('PYTHONSTARTUP', '/home/lxf/.config/Code/User/workspaceStorage/fec71f9b2e3a7de36fe5046c73599786/ms-python.python/pythonrc.py'), ('LC_TELEPHONE', 'zh_CN.UTF-8'), ('XMODIFIERS', '@im=ibus'), ('XDG_SESSION_DESKTOP', 'ubuntu-xorg'), ('XAUTHORITY', '/run/user/1000/gdm/Xauthority'), ('LS_COLORS', 'rs=0:di=01;34:ln=01;36:mh=00:pi=40;33:so=01;35:do=01;35:bd=40;33;01:cd=40;33;01:or=40;31;01:mi=00:su=37;41:sg=30;43:ca=30;41:tw=30;42:ow=34;42:st=37;44:ex=01;32:*.tar=01;31:*.tgz=01;31:*.arc=01;31:*.arj=01;31:*.taz=01;31:*.lha=01;31:*.lz4=01;31:*.lzh=01;31:*.lzma=01;31:*.tlz=01;31:*.txz=01;31:*.tzo=01;31:*.t7z=01;31:*.zip=01;31:*.z=01;31:*.dz=01;31:*.gz=01;31:*.lrz=01;31:*.lz=01;31:*.lzo=01;31:*.xz=01;31:*.zst=01;31:*.tzst=01;31:*.bz2=01;31:*.bz=01;31:*.tbz=01;31:*.tbz2=01;31:*.tz=01;31:*.deb=01;31:*.rpm=01;31:*.jar=01;31:*.war=01;31:*.ear=01;31:*.sar=01;31:*.rar=01;31:*.alz=01;31:*.ace=01;31:*.zoo=01;31:*.cpio=01;31:*.7z=01;31:*.rz=01;31:*.cab=01;31:*.wim=01;31:*.swm=01;31:*.dwm=01;31:*.esd=01;31:*.jpg=01;35:*.jpeg=01;35:*.mjpg=01;35:*.mjpeg=01;35:*.gif=01;35:*.bmp=01;35:*.pbm=01;35:*.pgm=01;35:*.ppm=01;35:*.tga=01;35:*.xbm=01;35:*.xpm=01;35:*.tif=01;35:*.tiff=01;35:*.png=01;35:*.svg=01;35:*.svgz=01;35:*.mng=01;35:*.pcx=01;35:*.mov=01;35:*.mpg=01;35:*.mpeg=01;35:*.m2v=01;35:*.mkv=01;35:*.webm=01;35:*.webp=01;35:*.ogm=01;35:*.mp4=01;35:*.m4v=01;35:*.mp4v=01;35:*.vob=01;35:*.qt=01;35:*.nuv=01;35:*.wmv=01;35:*.asf=01;35:*.rm=01;35:*.rmvb=01;35:*.flc=01;35:*.avi=01;35:*.fli=01;35:*.flv=01;35:*.gl=01;35:*.dl=01;35:*.xcf=01;35:*.xwd=01;35:*.yuv=01;35:*.cgm=01;35:*.emf=01;35:*.ogv=01;35:*.ogx=01;35:*.aac=00;36:*.au=00;36:*.flac=00;36:*.m4a=00;36:*.mid=00;36:*.midi=00;36:*.mka=00;36:*.mp3=00;36:*.mpc=00;36:*.ogg=00;36:*.ra=00;36:*.wav=00;36:*.oga=00;36:*.opus=00;36:*.spx=00;36:*.xspf=00;36:'), ('VSCODE_GIT_IPC_HANDLE', '/run/user/1000/vscode-git-953a7f316d.sock'), ('TERM_PROGRAM', 'vscode'), ('SSH_AGENT_LAUNCHER', 'gnome-keyring'), ('SSH_AUTH_SOCK', '/run/user/1000/keyring/ssh'), ('AMENT_PREFIX_PATH', '/opt/ros/humble'), ('ORIGINAL_XDG_CURRENT_DESKTOP', 'ubuntu:GNOME'), ('SHELL', '/bin/bash'), ('LC_NAME', 'zh_CN.UTF-8'), ('QT_ACCESSIBILITY', '1'), ('GDMSESSION', 'ubuntu-xorg'), ('LESSCLOSE', '/usr/bin/lesspipe %s %s'), ('LC_MEASUREMENT', 'zh_CN.UTF-8'), ('GPG_AGENT_INFO', '/run/user/1000/gnupg/S.gpg-agent:0:1'), ('GJS_DEBUG_OUTPUT', 'stderr'), ('LC_IDENTIFICATION', 'zh_CN.UTF-8'), ('VSCODE_GIT_ASKPASS_EXTRA_ARGS', ''), ('QT_IM_MODULE', 'ibus'), ('JAVA_HOME', '/usr/local/jdk/jdk-21.0.9'), ('PWD', '/home/lxf/Desktop/ROS/16.Launch_parameter/build/cpp_pose_topic'), ('XDG_CONFIG_DIRS', '/etc/xdg/xdg-ubuntu-xorg:/etc/xdg'), ('CLUTTER_IM_MODULE', 'xim'), ('XDG_DATA_DIRS', '/usr/share/ubuntu-xorg:/usr/share/gnome:/usr/local/share/:/usr/share/:/var/lib/snapd/desktop'), ('PYTHONPATH', '/opt/ros/humble/lib/python3.10/site-packages:/opt/ros/humble/local/lib/python3.10/dist-packages'), ('LC_NUMERIC', 'zh_CN.UTF-8'), ('LC_PAPER', 'zh_CN.UTF-8'), ('COLCON', '1'), ('CMAKE_PREFIX_PATH', '/opt/ros/humble')]), 'shell': False}
[0.989611] (turtle_control_interfaces) StdoutLine: {'line': b'-- Using all available rosidl_typesupport_c: rosidl_typesupport_fastrtps_c;rosidl_typesupport_introspection_c\n'}
[1.001108] (-) TimerEvent: {}
[1.002850] (cpp_pose_topic) StdoutLine: {'line': b'[ 37%] \x1b[32mBuilding CXX object CMakeFiles/turtle_control.dir/src/turtle_control.cpp.o\x1b[0m\n'}
[1.003008] (cpp_pose_topic) StdoutLine: {'line': b'[ 37%] \x1b[32mBuilding CXX object CMakeFiles/turtle_param_client.dir/src/turtle_param_client.cpp.o\x1b[0m\n'}
[1.003082] (cpp_pose_topic) StdoutLine: {'line': b'[ 37%] \x1b[32mBuilding CXX object CMakeFiles/turtle_circle.dir/src/turtle_circle.cpp.o\x1b[0m\n'}
[1.005381] (cpp_pose_topic) StdoutLine: {'line': b'[ 50%] \x1b[32mBuilding CXX object CMakeFiles/turtle_control_v2.dir/src/turtle_control_v2.cpp.o\x1b[0m\n'}
[1.101193] (-) TimerEvent: {}
[1.201461] (-) TimerEvent: {}
[1.302162] (-) TimerEvent: {}
[1.315295] (turtle_control_interfaces) StdoutLine: {'line': b'-- Using all available rosidl_typesupport_cpp: rosidl_typesupport_fastrtps_cpp;rosidl_typesupport_introspection_cpp\n'}
[1.338698] (turtle_control_interfaces) StdoutLine: {'line': b'-- Found PythonInterp: /usr/bin/python3 (found suitable version "3.10.12", minimum required is "3.6") \n'}
[1.339945] (turtle_control_interfaces) StdoutLine: {'line': b'-- Found python_cmake_module: 0.10.0 (/opt/ros/humble/share/python_cmake_module/cmake)\n'}
[1.372432] (turtle_control_interfaces) StdoutLine: {'line': b'-- Found PythonLibs: /usr/lib/x86_64-linux-gnu/libpython3.10.so (found suitable version "3.10.12", minimum required is "3.5") \n'}
[1.372742] (turtle_control_interfaces) StdoutLine: {'line': b'-- Using PYTHON_EXECUTABLE: /usr/bin/python3\n'}
[1.372842] (turtle_control_interfaces) StdoutLine: {'line': b'-- Using PYTHON_INCLUDE_DIRS: /usr/include/python3.10\n'}
[1.372932] (turtle_control_interfaces) StdoutLine: {'line': b'-- Using PYTHON_LIBRARIES: /usr/lib/x86_64-linux-gnu/libpython3.10.so\n'}
[1.390390] (turtle_control_interfaces) StdoutLine: {'line': b'-- Found PythonExtra: .so  \n'}
[1.402316] (-) TimerEvent: {}
[1.440277] (turtle_control_interfaces) StdoutLine: {'line': b'-- Found ament_lint_auto: 0.12.14 (/opt/ros/humble/share/ament_lint_auto/cmake)\n'}
[1.450889] (turtle_control_interfaces) StdoutLine: {'line': b"-- Added test 'lint_cmake' to check CMake code style\n"}
[1.451721] (turtle_control_interfaces) StdoutLine: {'line': b"-- Added test 'xmllint' to check XML markup files\n"}
[1.453799] (turtle_control_interfaces) StdoutLine: {'line': b'-- Configuring done\n'}
[1.487810] (turtle_control_interfaces) StdoutLine: {'line': b'-- Generating done\n'}
[1.496763] (turtle_control_interfaces) StdoutLine: {'line': b'-- Build files have been written to: /home/lxf/Desktop/ROS/16.Launch_parameter/build/turtle_control_interfaces\n'}
[1.502439] (-) TimerEvent: {}
[1.504951] (turtle_control_interfaces) CommandEnded: {'returncode': 0}
[1.505700] (turtle_control_interfaces) JobProgress: {'identifier': 'turtle_control_interfaces', 'progress': 'build'}
[1.506143] (turtle_control_interfaces) Command: {'cmd': ['/usr/bin/cmake', '--build', '/home/lxf/Desktop/ROS/16.Launch_parameter/build/turtle_control_interfaces', '--', '-j16', '-l16'], 'cwd': '/home/lxf/Desktop/ROS/16.Launch_parameter/build/turtle_control_interfaces', 'env': OrderedDict([('GJS_DEBUG_TOPICS', 'JS ERROR;JS LOG'), ('PYTHON_BASIC_REPL', '1'), ('LESSOPEN', '| /usr/bin/lesspipe %s'), ('LANGUAGE', 'zh_CN:en'), ('USER', 'lxf'), ('LC_TIME', 'zh_CN.UTF-8'), ('XDG_SESSION_TYPE', 'x11'), ('GIT_ASKPASS', '/usr/share/code/resources/app/extensions/git/dist/askpass.sh'), ('SHLVL', '1'), ('LD_LIBRARY_PATH', '/opt/ros/humble/opt/rviz_ogre_vendor/lib:/opt/ros/humble/lib/x86_64-linux-gnu:/opt/ros/humble/lib'), ('HOME', '/home/lxf'), ('CHROME_DESKTOP', 'code.desktop'), ('OLDPWD', '/home/lxf/Desktop/ROS'), ('TERM_PROGRAM_VERSION', '1.106.2'), ('DESKTOP_SESSION', 'ubuntu-xorg'), ('GIO_LAUNCHED_DESKTOP_FILE', '/usr/share/applications/code.desktop'), ('ROS_PYTHON_VERSION', '3'), ('GNOME_SHELL_SESSION_MODE', 'ubuntu'), ('GTK_MODULES', 'gail:atk-bridge'), ('VSCODE_GIT_ASKPASS_MAIN', '/usr/share/code/resources/app/extensions/git/dist/askpass-main.js'), ('LC_MONETARY', 'zh_CN.UTF-8'), ('VSCODE_GIT_ASKPASS_NODE', '/usr/share/code/code'), ('MANAGERPID', '1679'), ('PYDEVD_DISABLE_FILE_VALIDATION', '1'), ('SYSTEMD_EXEC_PID', '2169'), ('BUNDLED_DEBUGPY_PATH', '/home/lxf/.vscode/extensions/ms-python.debugpy-2025.18.0-linux-x64/bundled/libs/debugpy'), ('VSCODE_PYTHON_AUTOACTIVATE_GUARD', '1'), ('DBUS_SESSION_BUS_ADDRESS', 'unix:path=/run/user/1000/bus'), ('COLORTERM', 'truecolor'), ('GIO_LAUNCHED_DESKTOP_FILE_PID', '5836'), ('ROS_DISTRO', 'humble'), ('GTK_IM_MODULE', 'ibus'), ('LOGNAME', 'lxf'), ('JOURNAL_STREAM', '8:4007'), ('_', '/usr/bin/colcon'), ('ROS_VERSION', '2'), ('XDG_SESSION_CLASS', 'user'), ('USERNAME', 'lxf'), ('TERM', 'xterm-256color'), ('GNOME_DESKTOP_SESSION_ID', 'this-is-deprecated'), ('ROS_LOCALHOST_ONLY', '0'), ('WINDOWPATH', '2'), ('PATH', '/usr/local/jdk/jdk-21.0.9/bin:/home/lxf/.config/Code/User/globalStorage/github.copilot-chat/debugCommand:/home/lxf/.config/Code/User/globalStorage/github.copilot-chat/copilotCli:/home/lxf/.local/bin:/usr/local/jdk/jdk-21.0.9/bin:/opt/ros/humble/bin:/usr/local/jdk/jdk-21.0.9/bin:/home/lxf/.local/bin:/usr/local/jdk/jdk-21.0.9/bin:/usr/local/sbin:/usr/local/bin:/usr/sbin:/usr/bin:/sbin:/bin:/usr/games:/usr/local/games:/snap/bin:/snap/bin:/home/lxf/.vscode/extensions/ms-python.debugpy-2025.18.0-linux-x64/bundled/scripts/noConfigScripts'), ('SESSION_MANAGER', 'local/lxf-Cyborg-14-A13VF:@/tmp/.ICE-unix/2122,unix/lxf-Cyborg-14-A13VF:/tmp/.ICE-unix/2122'), ('INVOCATION_ID', '974dd0a0a44442929aed8864053050f1'), ('PAPERSIZE', 'a4'), ('XDG_MENU_PREFIX', 'gnome-'), ('LC_ADDRESS', 'zh_CN.UTF-8'), ('XDG_RUNTIME_DIR', '/run/user/1000'), ('GDK_BACKEND', 'x11'), ('DISPLAY', ':1'), ('VSCODE_DEBUGPY_ADAPTER_ENDPOINTS', '/home/lxf/.vscode/extensions/ms-python.debugpy-2025.18.0-linux-x64/.noConfigDebugAdapterEndpoints/endpoint-3d760fdd5832552a.txt'), ('LANG', 'zh_CN.UTF-8'), ('XDG_CURRENT_DESKTOP', 'Unity'), ('PYTHONSTARTUP', '/home/lxf/.config/Code/User/workspaceStorage/fec71f9b2e3a7de36fe5046c73599786/ms-python.python/pythonrc.py'), ('LC_TELEPHONE', 'zh_CN.UTF-8'), ('XMODIFIERS', '@im=ibus'), ('XDG_SESSION_DESKTOP', 'ubuntu-xorg'), ('XAUTHORITY', '/run/user/1000/gdm/Xauthority'), ('LS_COLORS', 'rs=0:di=01;34:ln=01;36:mh=00:pi=40;33:so=01;35:do=01;35:bd=40;33;01:cd=40;33;01:or=40;31;01:mi=00:su=37;41:sg=30;43:ca=30;41:tw=30;42:ow=34;42:st=37;44:ex=01;32:*.tar=01;31:*.tgz=01;31:*.arc=01;31:*.arj=01;31:*.taz=01;31:*.lha=01;31:*.lz4=01;31:*.lzh=01;31:*.lzma=01;31:*.tlz=01;31:*.txz=01;31:*.tzo=01;31:*.t7z=01;31:*.zip=01;31:*.z=01;31:*.dz=01;31:*.gz=01;31:*.lrz=01;31:*.lz=01;31:*.lzo=01;31:*.xz=01;31:*.zst=01;31:*.tzst=01;31:*.bz2=01;31:*.bz=01;31:*.tbz=01;31:*.tbz2=01;31:*.tz=01;31:*.deb=01;31:*.rpm=01;31:*.jar=01;31:*.war=01;31:*.ear=01;31:*.sar=01;31:*.rar=01;31:*.alz=01;31:*.ace=01;31:*.zoo=01;31:*.cpio=01;31:*.7z=01;31:*.rz=01;31:*.cab=01;31:*.wim=01;31:*.swm=01;31:*.dwm=01;31:*.esd=01;31:*.jpg=01;35:*.jpeg=01;35:*.mjpg=01;35:*.mjpeg=01;35:*.gif=01;35:*.bmp=01;35:*.pbm=01;35:*.pgm=01;35:*.ppm=01;35:*.tga=01;35:*.xbm=01;35:*.xpm=01;35:*.tif=01;35:*.tiff=01;35:*.png=01;35:*.svg=01;35:*.svgz=01;35:*.mng=01;35:*.pcx=01;35:*.mov=01;35:*.mpg=01;35:*.mpeg=01;35:*.m2v=01;35:*.mkv=01;35:*.webm=01;35:*.webp=01;35:*.ogm=01;35:*.mp4=01;35:*.m4v=01;35:*.mp4v=01;35:*.vob=01;35:*.qt=01;35:*.nuv=01;35:*.wmv=01;35:*.asf=01;35:*.rm=01;35:*.rmvb=01;35:*.flc=01;35:*.avi=01;35:*.fli=01;35:*.flv=01;35:*.gl=01;35:*.dl=01;35:*.xcf=01;35:*.xwd=01;35:*.yuv=01;35:*.cgm=01;35:*.emf=01;35:*.ogv=01;35:*.ogx=01;35:*.aac=00;36:*.au=00;36:*.flac=00;36:*.m4a=00;36:*.mid=00;36:*.midi=00;36:*.mka=00;36:*.mp3=00;36:*.mpc=00;36:*.ogg=00;36:*.ra=00;36:*.wav=00;36:*.oga=00;36:*.opus=00;36:*.spx=00;36:*.xspf=00;36:'), ('VSCODE_GIT_IPC_HANDLE', '/run/user/1000/vscode-git-953a7f316d.sock'), ('TERM_PROGRAM', 'vscode'), ('SSH_AGENT_LAUNCHER', 'gnome-keyring'), ('SSH_AUTH_SOCK', '/run/user/1000/keyring/ssh'), ('AMENT_PREFIX_PATH', '/opt/ros/humble'), ('ORIGINAL_XDG_CURRENT_DESKTOP', 'ubuntu:GNOME'), ('SHELL', '/bin/bash'), ('LC_NAME', 'zh_CN.UTF-8'), ('QT_ACCESSIBILITY', '1'), ('GDMSESSION', 'ubuntu-xorg'), ('LESSCLOSE', '/usr/bin/lesspipe %s %s'), ('LC_MEASUREMENT', 'zh_CN.UTF-8'), ('GPG_AGENT_INFO', '/run/user/1000/gnupg/S.gpg-agent:0:1'), ('GJS_DEBUG_OUTPUT', 'stderr'), ('LC_IDENTIFICATION', 'zh_CN.UTF-8'), ('VSCODE_GIT_ASKPASS_EXTRA_ARGS', ''), ('QT_IM_MODULE', 'ibus'), ('JAVA_HOME', '/usr/local/jdk/jdk-21.0.9'), ('PWD', '/home/lxf/Desktop/ROS/16.Launch_parameter/build/turtle_control_interfaces'), ('XDG_CONFIG_DIRS', '/etc/xdg/xdg-ubuntu-xorg:/etc/xdg'), ('CLUTTER_IM_MODULE', 'xim'), ('XDG_DATA_DIRS', '/usr/share/ubuntu-xorg:/usr/share/gnome:/usr/local/share/:/usr/share/:/var/lib/snapd/desktop'), ('PYTHONPATH', '/opt/ros/humble/lib/python3.10/site-packages:/opt/ros/humble/local/lib/python3.10/dist-packages'), ('LC_NUMERIC', 'zh_CN.UTF-8'), ('LC_PAPER', 'zh_CN.UTF-8'), ('COLCON', '1'), ('CMAKE_PREFIX_PATH', '/opt/ros/humble')]), 'shell': False}
[1.546846] (turtle_control_interfaces) StdoutLine: {'line': b'[  2%] \x1b[34m\x1b[1mGenerating C code for ROS interfaces\x1b[0m\n'}
[1.562101] (turtle_control_interfaces) StdoutLine: {'line': b'[  5%] \x1b[34m\x1b[1mGenerating C++ code for ROS interfaces\x1b[0m\n'}
[1.564305] (turtle_control_interfaces) StdoutLine: {'line': b'[  5%] Built target ament_cmake_python_copy_turtle_control_interfaces\n'}
[1.602516] (-) TimerEvent: {}
[1.702825] (-) TimerEvent: {}
[1.734398] (turtle_control_interfaces) StdoutLine: {'line': b'running egg_info\n'}
[1.735015] (turtle_control_interfaces) StdoutLine: {'line': b'creating turtle_control_interfaces.egg-info\n'}
[1.735169] (turtle_control_interfaces) StdoutLine: {'line': b'writing turtle_control_interfaces.egg-info/PKG-INFO\n'}
[1.735309] (turtle_control_interfaces) StdoutLine: {'line': b'writing dependency_links to turtle_control_interfaces.egg-info/dependency_links.txt\n'}
[1.735422] (turtle_control_interfaces) StdoutLine: {'line': b'writing top-level names to turtle_control_interfaces.egg-info/top_level.txt\n'}
[1.735536] (turtle_control_interfaces) StdoutLine: {'line': b"writing manifest file 'turtle_control_interfaces.egg-info/SOURCES.txt'\n"}
[1.737022] (turtle_control_interfaces) StdoutLine: {'line': b"reading manifest file 'turtle_control_interfaces.egg-info/SOURCES.txt'\n"}
[1.737360] (turtle_control_interfaces) StdoutLine: {'line': b"writing manifest file 'turtle_control_interfaces.egg-info/SOURCES.txt'\n"}
[1.764871] (turtle_control_interfaces) StdoutLine: {'line': b'[  5%] Built target ament_cmake_python_build_turtle_control_interfaces_egg\n'}
[1.802939] (-) TimerEvent: {}
[1.889456] (turtle_control_interfaces) StdoutLine: {'line': b'[  7%] \x1b[32mBuilding C object CMakeFiles/turtle_control_interfaces__rosidl_generator_c.dir/rosidl_generator_c/turtle_control_interfaces/srv/detail/face_detector__functions.c.o\x1b[0m\n'}
[1.889870] (turtle_control_interfaces) StdoutLine: {'line': b'[ 10%] \x1b[32mBuilding C object CMakeFiles/turtle_control_interfaces__rosidl_generator_c.dir/rosidl_generator_c/turtle_control_interfaces/srv/detail/patrol__functions.c.o\x1b[0m\n'}
[1.903091] (-) TimerEvent: {}
[1.917697] (turtle_control_interfaces) StdoutLine: {'line': b'[ 10%] Built target turtle_control_interfaces__cpp\n'}
[1.929347] (turtle_control_interfaces) StdoutLine: {'line': b'[ 17%] \x1b[34m\x1b[1mGenerating C++ introspection for ROS interfaces\x1b[0m\n'}
[1.929596] (turtle_control_interfaces) StdoutLine: {'line': b'[ 17%] \x1b[34m\x1b[1mGenerating C++ type support dispatch for ROS interfaces\x1b[0m\n'}
[1.929664] (turtle_control_interfaces) StdoutLine: {'line': b'[ 17%] \x1b[34m\x1b[1mGenerating C++ type support for eProsima Fast-RTPS\x1b[0m\n'}
[1.941998] (turtle_control_interfaces) StdoutLine: {'line': b'[ 20%] \x1b[32m\x1b[1mLinking C shared library libturtle_control_interfaces__rosidl_generator_c.so\x1b[0m\n'}
[1.976885] (turtle_control_interfaces) StdoutLine: {'line': b'[ 20%] Built target turtle_control_interfaces__rosidl_generator_c\n'}
[1.985288] (turtle_control_interfaces) StdoutLine: {'line': b'[ 23%] \x1b[34m\x1b[1mGenerating C introspection for ROS interfaces\x1b[0m\n'}
[1.986682] (turtle_control_interfaces) StdoutLine: {'line': b'[ 25%] \x1b[34m\x1b[1mGenerating C type support for eProsima Fast-RTPS\x1b[0m\n'}
[1.987128] (turtle_control_interfaces) StdoutLine: {'line': b'[ 28%] \x1b[34m\x1b[1mGenerating C type support dispatch for ROS interfaces\x1b[0m\n'}
[2.003229] (-) TimerEvent: {}
[2.103624] (-) TimerEvent: {}
[2.203950] (-) TimerEvent: {}
[2.235647] (turtle_control_interfaces) StdoutLine: {'line': b'[ 30%] \x1b[32mBuilding CXX object CMakeFiles/turtle_control_interfaces__rosidl_typesupport_fastrtps_cpp.dir/rosidl_typesupport_fastrtps_cpp/turtle_control_interfaces/srv/detail/dds_fastrtps/face_detector__type_support.cpp.o\x1b[0m\n'}
[2.235934] (turtle_control_interfaces) StdoutLine: {'line': b'[ 33%] \x1b[32mBuilding CXX object CMakeFiles/turtle_control_interfaces__rosidl_typesupport_fastrtps_cpp.dir/rosidl_typesupport_fastrtps_cpp/turtle_control_interfaces/srv/detail/dds_fastrtps/patrol__type_support.cpp.o\x1b[0m\n'}
[2.244904] (turtle_control_interfaces) StdoutLine: {'line': b'[ 38%] \x1b[32mBuilding CXX object CMakeFiles/turtle_control_interfaces__rosidl_typesupport_c.dir/rosidl_typesupport_c/turtle_control_interfaces/srv/face_detector__type_support.cpp.o\x1b[0m\n'}
[2.245124] (turtle_control_interfaces) StdoutLine: {'line': b'[ 38%] \x1b[32mBuilding CXX object CMakeFiles/turtle_control_interfaces__rosidl_typesupport_c.dir/rosidl_typesupport_c/turtle_control_interfaces/srv/patrol__type_support.cpp.o\x1b[0m\n'}
[2.276489] (turtle_control_interfaces) StdoutLine: {'line': b'[ 41%] \x1b[32m\x1b[1mLinking CXX shared library libturtle_control_interfaces__rosidl_typesupport_c.so\x1b[0m\n'}
[2.283167] (turtle_control_interfaces) StdoutLine: {'line': b'[ 43%] \x1b[32mBuilding C object CMakeFiles/turtle_control_interfaces__rosidl_typesupport_introspection_c.dir/rosidl_typesupport_introspection_c/turtle_control_interfaces/srv/detail/face_detector__type_support.c.o\x1b[0m\n'}
[2.285133] (turtle_control_interfaces) StdoutLine: {'line': b'[ 46%] \x1b[32mBuilding C object CMakeFiles/turtle_control_interfaces__rosidl_typesupport_introspection_c.dir/rosidl_typesupport_introspection_c/turtle_control_interfaces/srv/detail/patrol__type_support.c.o\x1b[0m\n'}
[2.304061] (-) TimerEvent: {}
[2.322838] (turtle_control_interfaces) StdoutLine: {'line': b'[ 46%] Built target turtle_control_interfaces__rosidl_typesupport_c\n'}
[2.325338] (turtle_control_interfaces) StdoutLine: {'line': b'[ 48%] \x1b[32m\x1b[1mLinking C shared library libturtle_control_interfaces__rosidl_typesupport_introspection_c.so\x1b[0m\n'}
[2.354470] (turtle_control_interfaces) StdoutLine: {'line': b'[ 48%] Built target turtle_control_interfaces__rosidl_typesupport_introspection_c\n'}
[2.395540] (turtle_control_interfaces) StdoutLine: {'line': b'[ 51%] \x1b[32mBuilding CXX object CMakeFiles/turtle_control_interfaces__rosidl_typesupport_cpp.dir/rosidl_typesupport_cpp/turtle_control_interfaces/srv/patrol__type_support.cpp.o\x1b[0m\n'}
[2.395809] (turtle_control_interfaces) StdoutLine: {'line': b'[ 53%] \x1b[32mBuilding CXX object CMakeFiles/turtle_control_interfaces__rosidl_typesupport_cpp.dir/rosidl_typesupport_cpp/turtle_control_interfaces/srv/face_detector__type_support.cpp.o\x1b[0m\n'}
[2.403091] (turtle_control_interfaces) StdoutLine: {'line': b'[ 56%] \x1b[32mBuilding CXX object CMakeFiles/turtle_control_interfaces__rosidl_typesupport_introspection_cpp.dir/rosidl_typesupport_introspection_cpp/turtle_control_interfaces/srv/detail/patrol__type_support.cpp.o\x1b[0m\n'}
[2.404154] (-) TimerEvent: {}
[2.405571] (turtle_control_interfaces) StdoutLine: {'line': b'[ 58%] \x1b[32mBuilding CXX object CMakeFiles/turtle_control_interfaces__rosidl_typesupport_introspection_cpp.dir/rosidl_typesupport_introspection_cpp/turtle_control_interfaces/srv/detail/face_detector__type_support.cpp.o\x1b[0m\n'}
[2.424940] (turtle_control_interfaces) StdoutLine: {'line': b'[ 61%] \x1b[32mBuilding CXX object CMakeFiles/turtle_control_interfaces__rosidl_typesupport_fastrtps_c.dir/rosidl_typesupport_fastrtps_c/turtle_control_interfaces/srv/detail/patrol__type_support_c.cpp.o\x1b[0m\n'}
[2.425872] (turtle_control_interfaces) StdoutLine: {'line': b'[ 64%] \x1b[32mBuilding CXX object CMakeFiles/turtle_control_interfaces__rosidl_typesupport_fastrtps_c.dir/rosidl_typesupport_fastrtps_c/turtle_control_interfaces/srv/detail/face_detector__type_support_c.cpp.o\x1b[0m\n'}
[2.506601] (-) TimerEvent: {}
[2.607437] (-) TimerEvent: {}
[2.708220] (-) TimerEvent: {}
[2.755045] (turtle_control_interfaces) StdoutLine: {'line': b'[ 66%] \x1b[32m\x1b[1mLinking CXX shared library libturtle_control_interfaces__rosidl_typesupport_cpp.so\x1b[0m\n'}
[2.767947] (turtle_control_interfaces) StdoutLine: {'line': b'[ 69%] \x1b[32m\x1b[1mLinking CXX shared library libturtle_control_interfaces__rosidl_typesupport_fastrtps_cpp.so\x1b[0m\n'}
[2.773421] (turtle_control_interfaces) StdoutLine: {'line': b'[ 71%] \x1b[32m\x1b[1mLinking CXX shared library libturtle_control_interfaces__rosidl_typesupport_fastrtps_c.so\x1b[0m\n'}
[2.807967] (turtle_control_interfaces) StdoutLine: {'line': b'[ 71%] Built target turtle_control_interfaces__rosidl_typesupport_cpp\n'}
[2.808255] (-) TimerEvent: {}
[2.817848] (turtle_control_interfaces) StdoutLine: {'line': b'[ 74%] \x1b[32m\x1b[1mLinking CXX shared library libturtle_control_interfaces__rosidl_typesupport_introspection_cpp.so\x1b[0m\n'}
[2.856140] (turtle_control_interfaces) StdoutLine: {'line': b'[ 74%] Built target turtle_control_interfaces__rosidl_typesupport_fastrtps_cpp\n'}
[2.856761] (turtle_control_interfaces) StdoutLine: {'line': b'[ 74%] Built target turtle_control_interfaces__rosidl_typesupport_fastrtps_c\n'}
[2.897308] (turtle_control_interfaces) StdoutLine: {'line': b'[ 74%] Built target turtle_control_interfaces__rosidl_typesupport_introspection_cpp\n'}
[2.908510] (-) TimerEvent: {}
[2.913152] (turtle_control_interfaces) StdoutLine: {'line': b'[ 74%] Built target turtle_control_interfaces\n'}
[2.934186] (turtle_control_interfaces) StdoutLine: {'line': b'[ 76%] \x1b[34m\x1b[1mGenerating Python code for ROS interfaces\x1b[0m\n'}
[3.008564] (-) TimerEvent: {}
[3.108925] (-) TimerEvent: {}
[3.209319] (-) TimerEvent: {}
[3.309667] (-) TimerEvent: {}
[3.373001] (turtle_control_interfaces) StdoutLine: {'line': b'[ 76%] Built target turtle_control_interfaces__py\n'}
[3.392695] (turtle_control_interfaces) StdoutLine: {'line': b'[ 82%] \x1b[32mBuilding C object CMakeFiles/turtle_control_interfaces__rosidl_generator_py.dir/rosidl_generator_py/turtle_control_interfaces/srv/_face_detector_s.c.o\x1b[0m\n'}
[3.392877] (turtle_control_interfaces) StdoutLine: {'line': b'[ 82%] \x1b[32mBuilding C object CMakeFiles/turtle_control_interfaces__rosidl_generator_py.dir/rosidl_generator_py/turtle_control_interfaces/srv/_patrol_s.c.o\x1b[0m\n'}
[3.409824] (-) TimerEvent: {}
[3.486767] (turtle_control_interfaces) StdoutLine: {'line': b'[ 84%] \x1b[32m\x1b[1mLinking C shared library rosidl_generator_py/turtle_control_interfaces/libturtle_control_interfaces__rosidl_generator_py.so\x1b[0m\n'}
[3.510082] (-) TimerEvent: {}
[3.531284] (turtle_control_interfaces) StdoutLine: {'line': b'[ 84%] Built target turtle_control_interfaces__rosidl_generator_py\n'}
[3.547443] (turtle_control_interfaces) StdoutLine: {'line': b'[ 87%] \x1b[32mBuilding C object CMakeFiles/turtle_control_interfaces__rosidl_typesupport_fastrtps_c__pyext.dir/rosidl_generator_py/turtle_control_interfaces/_turtle_control_interfaces_s.ep.rosidl_typesupport_fastrtps_c.c.o\x1b[0m\n'}
[3.547879] (turtle_control_interfaces) StdoutLine: {'line': b'[ 89%] \x1b[32mBuilding C object CMakeFiles/turtle_control_interfaces__rosidl_typesupport_c__pyext.dir/rosidl_generator_py/turtle_control_interfaces/_turtle_control_interfaces_s.ep.rosidl_typesupport_c.c.o\x1b[0m\n'}
[3.551332] (turtle_control_interfaces) StdoutLine: {'line': b'[ 92%] \x1b[32mBuilding C object CMakeFiles/turtle_control_interfaces__rosidl_typesupport_introspection_c__pyext.dir/rosidl_generator_py/turtle_control_interfaces/_turtle_control_interfaces_s.ep.rosidl_typesupport_introspection_c.c.o\x1b[0m\n'}
[3.610201] (-) TimerEvent: {}
[3.621702] (turtle_control_interfaces) StdoutLine: {'line': b'[ 94%] \x1b[32m\x1b[1mLinking C shared library rosidl_generator_py/turtle_control_interfaces/turtle_control_interfaces_s__rosidl_typesupport_fastrtps_c.cpython-310-x86_64-linux-gnu.so\x1b[0m\n'}
[3.624494] (turtle_control_interfaces) StdoutLine: {'line': b'[ 97%] \x1b[32m\x1b[1mLinking C shared library rosidl_generator_py/turtle_control_interfaces/turtle_control_interfaces_s__rosidl_typesupport_introspection_c.cpython-310-x86_64-linux-gnu.so\x1b[0m\n'}
[3.625443] (turtle_control_interfaces) StdoutLine: {'line': b'[100%] \x1b[32m\x1b[1mLinking C shared library rosidl_generator_py/turtle_control_interfaces/turtle_control_interfaces_s__rosidl_typesupport_c.cpython-310-x86_64-linux-gnu.so\x1b[0m\n'}
[3.653964] (turtle_control_interfaces) StdoutLine: {'line': b'[100%] Built target turtle_control_interfaces__rosidl_typesupport_fastrtps_c__pyext\n'}
[3.662708] (turtle_control_interfaces) StdoutLine: {'line': b'[100%] Built target turtle_control_interfaces__rosidl_typesupport_c__pyext\n'}
[3.668243] (turtle_control_interfaces) StdoutLine: {'line': b'[100%] Built target turtle_control_interfaces__rosidl_typesupport_introspection_c__pyext\n'}
[3.677835] (turtle_control_interfaces) CommandEnded: {'returncode': 0}
[3.678620] (turtle_control_interfaces) JobProgress: {'identifier': 'turtle_control_interfaces', 'progress': 'install'}
[3.687598] (turtle_control_interfaces) Command: {'cmd': ['/usr/bin/cmake', '--install', '/home/lxf/Desktop/ROS/16.Launch_parameter/build/turtle_control_interfaces'], 'cwd': '/home/lxf/Desktop/ROS/16.Launch_parameter/build/turtle_control_interfaces', 'env': OrderedDict([('GJS_DEBUG_TOPICS', 'JS ERROR;JS LOG'), ('PYTHON_BASIC_REPL', '1'), ('LESSOPEN', '| /usr/bin/lesspipe %s'), ('LANGUAGE', 'zh_CN:en'), ('USER', 'lxf'), ('LC_TIME', 'zh_CN.UTF-8'), ('XDG_SESSION_TYPE', 'x11'), ('GIT_ASKPASS', '/usr/share/code/resources/app/extensions/git/dist/askpass.sh'), ('SHLVL', '1'), ('LD_LIBRARY_PATH', '/opt/ros/humble/opt/rviz_ogre_vendor/lib:/opt/ros/humble/lib/x86_64-linux-gnu:/opt/ros/humble/lib'), ('HOME', '/home/lxf'), ('CHROME_DESKTOP', 'code.desktop'), ('OLDPWD', '/home/lxf/Desktop/ROS'), ('TERM_PROGRAM_VERSION', '1.106.2'), ('DESKTOP_SESSION', 'ubuntu-xorg'), ('GIO_LAUNCHED_DESKTOP_FILE', '/usr/share/applications/code.desktop'), ('ROS_PYTHON_VERSION', '3'), ('GNOME_SHELL_SESSION_MODE', 'ubuntu'), ('GTK_MODULES', 'gail:atk-bridge'), ('VSCODE_GIT_ASKPASS_MAIN', '/usr/share/code/resources/app/extensions/git/dist/askpass-main.js'), ('LC_MONETARY', 'zh_CN.UTF-8'), ('VSCODE_GIT_ASKPASS_NODE', '/usr/share/code/code'), ('MANAGERPID', '1679'), ('PYDEVD_DISABLE_FILE_VALIDATION', '1'), ('SYSTEMD_EXEC_PID', '2169'), ('BUNDLED_DEBUGPY_PATH', '/home/lxf/.vscode/extensions/ms-python.debugpy-2025.18.0-linux-x64/bundled/libs/debugpy'), ('VSCODE_PYTHON_AUTOACTIVATE_GUARD', '1'), ('DBUS_SESSION_BUS_ADDRESS', 'unix:path=/run/user/1000/bus'), ('COLORTERM', 'truecolor'), ('GIO_LAUNCHED_DESKTOP_FILE_PID', '5836'), ('ROS_DISTRO', 'humble'), ('GTK_IM_MODULE', 'ibus'), ('LOGNAME', 'lxf'), ('JOURNAL_STREAM', '8:4007'), ('_', '/usr/bin/colcon'), ('ROS_VERSION', '2'), ('XDG_SESSION_CLASS', 'user'), ('USERNAME', 'lxf'), ('TERM', 'xterm-256color'), ('GNOME_DESKTOP_SESSION_ID', 'this-is-deprecated'), ('ROS_LOCALHOST_ONLY', '0'), ('WINDOWPATH', '2'), ('PATH', '/usr/local/jdk/jdk-21.0.9/bin:/home/lxf/.config/Code/User/globalStorage/github.copilot-chat/debugCommand:/home/lxf/.config/Code/User/globalStorage/github.copilot-chat/copilotCli:/home/lxf/.local/bin:/usr/local/jdk/jdk-21.0.9/bin:/opt/ros/humble/bin:/usr/local/jdk/jdk-21.0.9/bin:/home/lxf/.local/bin:/usr/local/jdk/jdk-21.0.9/bin:/usr/local/sbin:/usr/local/bin:/usr/sbin:/usr/bin:/sbin:/bin:/usr/games:/usr/local/games:/snap/bin:/snap/bin:/home/lxf/.vscode/extensions/ms-python.debugpy-2025.18.0-linux-x64/bundled/scripts/noConfigScripts'), ('SESSION_MANAGER', 'local/lxf-Cyborg-14-A13VF:@/tmp/.ICE-unix/2122,unix/lxf-Cyborg-14-A13VF:/tmp/.ICE-unix/2122'), ('INVOCATION_ID', '974dd0a0a44442929aed8864053050f1'), ('PAPERSIZE', 'a4'), ('XDG_MENU_PREFIX', 'gnome-'), ('LC_ADDRESS', 'zh_CN.UTF-8'), ('XDG_RUNTIME_DIR', '/run/user/1000'), ('GDK_BACKEND', 'x11'), ('DISPLAY', ':1'), ('VSCODE_DEBUGPY_ADAPTER_ENDPOINTS', '/home/lxf/.vscode/extensions/ms-python.debugpy-2025.18.0-linux-x64/.noConfigDebugAdapterEndpoints/endpoint-3d760fdd5832552a.txt'), ('LANG', 'zh_CN.UTF-8'), ('XDG_CURRENT_DESKTOP', 'Unity'), ('PYTHONSTARTUP', '/home/lxf/.config/Code/User/workspaceStorage/fec71f9b2e3a7de36fe5046c73599786/ms-python.python/pythonrc.py'), ('LC_TELEPHONE', 'zh_CN.UTF-8'), ('XMODIFIERS', '@im=ibus'), ('XDG_SESSION_DESKTOP', 'ubuntu-xorg'), ('XAUTHORITY', '/run/user/1000/gdm/Xauthority'), ('LS_COLORS', 'rs=0:di=01;34:ln=01;36:mh=00:pi=40;33:so=01;35:do=01;35:bd=40;33;01:cd=40;33;01:or=40;31;01:mi=00:su=37;41:sg=30;43:ca=30;41:tw=30;42:ow=34;42:st=37;44:ex=01;32:*.tar=01;31:*.tgz=01;31:*.arc=01;31:*.arj=01;31:*.taz=01;31:*.lha=01;31:*.lz4=01;31:*.lzh=01;31:*.lzma=01;31:*.tlz=01;31:*.txz=01;31:*.tzo=01;31:*.t7z=01;31:*.zip=01;31:*.z=01;31:*.dz=01;31:*.gz=01;31:*.lrz=01;31:*.lz=01;31:*.lzo=01;31:*.xz=01;31:*.zst=01;31:*.tzst=01;31:*.bz2=01;31:*.bz=01;31:*.tbz=01;31:*.tbz2=01;31:*.tz=01;31:*.deb=01;31:*.rpm=01;31:*.jar=01;31:*.war=01;31:*.ear=01;31:*.sar=01;31:*.rar=01;31:*.alz=01;31:*.ace=01;31:*.zoo=01;31:*.cpio=01;31:*.7z=01;31:*.rz=01;31:*.cab=01;31:*.wim=01;31:*.swm=01;31:*.dwm=01;31:*.esd=01;31:*.jpg=01;35:*.jpeg=01;35:*.mjpg=01;35:*.mjpeg=01;35:*.gif=01;35:*.bmp=01;35:*.pbm=01;35:*.pgm=01;35:*.ppm=01;35:*.tga=01;35:*.xbm=01;35:*.xpm=01;35:*.tif=01;35:*.tiff=01;35:*.png=01;35:*.svg=01;35:*.svgz=01;35:*.mng=01;35:*.pcx=01;35:*.mov=01;35:*.mpg=01;35:*.mpeg=01;35:*.m2v=01;35:*.mkv=01;35:*.webm=01;35:*.webp=01;35:*.ogm=01;35:*.mp4=01;35:*.m4v=01;35:*.mp4v=01;35:*.vob=01;35:*.qt=01;35:*.nuv=01;35:*.wmv=01;35:*.asf=01;35:*.rm=01;35:*.rmvb=01;35:*.flc=01;35:*.avi=01;35:*.fli=01;35:*.flv=01;35:*.gl=01;35:*.dl=01;35:*.xcf=01;35:*.xwd=01;35:*.yuv=01;35:*.cgm=01;35:*.emf=01;35:*.ogv=01;35:*.ogx=01;35:*.aac=00;36:*.au=00;36:*.flac=00;36:*.m4a=00;36:*.mid=00;36:*.midi=00;36:*.mka=00;36:*.mp3=00;36:*.mpc=00;36:*.ogg=00;36:*.ra=00;36:*.wav=00;36:*.oga=00;36:*.opus=00;36:*.spx=00;36:*.xspf=00;36:'), ('VSCODE_GIT_IPC_HANDLE', '/run/user/1000/vscode-git-953a7f316d.sock'), ('TERM_PROGRAM', 'vscode'), ('SSH_AGENT_LAUNCHER', 'gnome-keyring'), ('SSH_AUTH_SOCK', '/run/user/1000/keyring/ssh'), ('AMENT_PREFIX_PATH', '/opt/ros/humble'), ('ORIGINAL_XDG_CURRENT_DESKTOP', 'ubuntu:GNOME'), ('SHELL', '/bin/bash'), ('LC_NAME', 'zh_CN.UTF-8'), ('QT_ACCESSIBILITY', '1'), ('GDMSESSION', 'ubuntu-xorg'), ('LESSCLOSE', '/usr/bin/lesspipe %s %s'), ('LC_MEASUREMENT', 'zh_CN.UTF-8'), ('GPG_AGENT_INFO', '/run/user/1000/gnupg/S.gpg-agent:0:1'), ('GJS_DEBUG_OUTPUT', 'stderr'), ('LC_IDENTIFICATION', 'zh_CN.UTF-8'), ('VSCODE_GIT_ASKPASS_EXTRA_ARGS', ''), ('QT_IM_MODULE', 'ibus'), ('JAVA_HOME', '/usr/local/jdk/jdk-21.0.9'), ('PWD', '/home/lxf/Desktop/ROS/16.Launch_parameter/build/turtle_control_interfaces'), ('XDG_CONFIG_DIRS', '/etc/xdg/xdg-ubuntu-xorg:/etc/xdg'), ('CLUTTER_IM_MODULE', 'xim'), ('XDG_DATA_DIRS', '/usr/share/ubuntu-xorg:/usr/share/gnome:/usr/local/share/:/usr/share/:/var/lib/snapd/desktop'), ('PYTHONPATH', '/opt/ros/humble/lib/python3.10/site-packages:/opt/ros/humble/local/lib/python3.10/dist-packages'), ('LC_NUMERIC', 'zh_CN.UTF-8'), ('LC_PAPER', 'zh_CN.UTF-8'), ('COLCON', '1'), ('CMAKE_PREFIX_PATH', '/opt/ros/humble')]), 'shell': False}
[3.698494] (turtle_control_interfaces) StdoutLine: {'line': b'-- Install configuration: ""\n'}
[3.698769] (turtle_control_interfaces) StdoutLine: {'line': b'-- Installing: /home/lxf/Desktop/ROS/16.Launch_parameter/install/turtle_control_interfaces/share/ament_index/resource_index/rosidl_interfaces/turtle_control_interfaces\n'}
[3.698925] (turtle_control_interfaces) StdoutLine: {'line': b'-- Installing: /home/lxf/Desktop/ROS/16.Launch_parameter/install/turtle_control_interfaces/include/turtle_control_interfaces/turtle_control_interfaces\n'}
[3.699096] (turtle_control_interfaces) StdoutLine: {'line': b'-- Installing: /home/lxf/Desktop/ROS/16.Launch_parameter/install/turtle_control_interfaces/include/turtle_control_interfaces/turtle_control_interfaces/srv\n'}
[3.699271] (turtle_control_interfaces) StdoutLine: {'line': b'-- Installing: /home/lxf/Desktop/ROS/16.Launch_parameter/install/turtle_control_interfaces/include/turtle_control_interfaces/turtle_control_interfaces/srv/patrol.h\n'}
[3.699394] (turtle_control_interfaces) StdoutLine: {'line': b'-- Installing: /home/lxf/Desktop/ROS/16.Launch_parameter/install/turtle_control_interfaces/include/turtle_control_interfaces/turtle_control_interfaces/srv/detail\n'}
[3.699606] (turtle_control_interfaces) StdoutLine: {'line': b'-- Installing: /home/lxf/Desktop/ROS/16.Launch_parameter/install/turtle_control_interfaces/include/turtle_control_interfaces/turtle_control_interfaces/srv/detail/patrol__struct.h\n'}
[3.699697] (turtle_control_interfaces) StdoutLine: {'line': b'-- Installing: /home/lxf/Desktop/ROS/16.Launch_parameter/install/turtle_control_interfaces/include/turtle_control_interfaces/turtle_control_interfaces/srv/detail/face_detector__struct.h\n'}
[3.699733] (turtle_control_interfaces) StdoutLine: {'line': b'-- Installing: /home/lxf/Desktop/ROS/16.Launch_parameter/install/turtle_control_interfaces/include/turtle_control_interfaces/turtle_control_interfaces/srv/detail/patrol__type_support.h\n'}
[3.699895] (turtle_control_interfaces) StdoutLine: {'line': b'-- Installing: /home/lxf/Desktop/ROS/16.Launch_parameter/install/turtle_control_interfaces/include/turtle_control_interfaces/turtle_control_interfaces/srv/detail/patrol__functions.c\n'}
[3.699956] (turtle_control_interfaces) StdoutLine: {'line': b'-- Installing: /home/lxf/Desktop/ROS/16.Launch_parameter/install/turtle_control_interfaces/include/turtle_control_interfaces/turtle_control_interfaces/srv/detail/face_detector__functions.c\n'}
[3.700015] (turtle_control_interfaces) StdoutLine: {'line': b'-- Installing: /home/lxf/Desktop/ROS/16.Launch_parameter/install/turtle_control_interfaces/include/turtle_control_interfaces/turtle_control_interfaces/srv/detail/face_detector__type_support.h\n'}
[3.700106] (turtle_control_interfaces) StdoutLine: {'line': b'-- Installing: /home/lxf/Desktop/ROS/16.Launch_parameter/install/turtle_control_interfaces/include/turtle_control_interfaces/turtle_control_interfaces/srv/detail/patrol__functions.h\n'}
[3.700237] (turtle_control_interfaces) StdoutLine: {'line': b'-- Installing: /home/lxf/Desktop/ROS/16.Launch_parameter/install/turtle_control_interfaces/include/turtle_control_interfaces/turtle_control_interfaces/srv/detail/face_detector__functions.h\n'}
[3.700358] (turtle_control_interfaces) StdoutLine: {'line': b'-- Installing: /home/lxf/Desktop/ROS/16.Launch_parameter/install/turtle_control_interfaces/include/turtle_control_interfaces/turtle_control_interfaces/srv/face_detector.h\n'}
[3.700467] (turtle_control_interfaces) StdoutLine: {'line': b'-- Installing: /home/lxf/Desktop/ROS/16.Launch_parameter/install/turtle_control_interfaces/include/turtle_control_interfaces/turtle_control_interfaces/msg\n'}
[3.700551] (turtle_control_interfaces) StdoutLine: {'line': b'-- Installing: /home/lxf/Desktop/ROS/16.Launch_parameter/install/turtle_control_interfaces/include/turtle_control_interfaces/turtle_control_interfaces/msg/rosidl_generator_c__visibility_control.h\n'}
[3.700770] (turtle_control_interfaces) StdoutLine: {'line': b'-- Installing: /home/lxf/Desktop/ROS/16.Launch_parameter/install/turtle_control_interfaces/share/turtle_control_interfaces/environment/library_path.sh\n'}
[3.700922] (turtle_control_interfaces) StdoutLine: {'line': b'-- Installing: /home/lxf/Desktop/ROS/16.Launch_parameter/install/turtle_control_interfaces/share/turtle_control_interfaces/environment/library_path.dsv\n'}
[3.701149] (turtle_control_interfaces) StdoutLine: {'line': b'-- Installing: /home/lxf/Desktop/ROS/16.Launch_parameter/install/turtle_control_interfaces/lib/libturtle_control_interfaces__rosidl_generator_c.so\n'}
[3.701607] (turtle_control_interfaces) StdoutLine: {'line': b'-- Set runtime path of "/home/lxf/Desktop/ROS/16.Launch_parameter/install/turtle_control_interfaces/lib/libturtle_control_interfaces__rosidl_generator_c.so" to ""\n'}
[3.701681] (turtle_control_interfaces) StdoutLine: {'line': b'-- Up-to-date: /home/lxf/Desktop/ROS/16.Launch_parameter/install/turtle_control_interfaces/include/turtle_control_interfaces/turtle_control_interfaces\n'}
[3.701749] (turtle_control_interfaces) StdoutLine: {'line': b'-- Up-to-date: /home/lxf/Desktop/ROS/16.Launch_parameter/install/turtle_control_interfaces/include/turtle_control_interfaces/turtle_control_interfaces/srv\n'}
[3.701819] (turtle_control_interfaces) StdoutLine: {'line': b'-- Up-to-date: /home/lxf/Desktop/ROS/16.Launch_parameter/install/turtle_control_interfaces/include/turtle_control_interfaces/turtle_control_interfaces/srv/detail\n'}
[3.701882] (turtle_control_interfaces) StdoutLine: {'line': b'-- Installing: /home/lxf/Desktop/ROS/16.Launch_parameter/install/turtle_control_interfaces/include/turtle_control_interfaces/turtle_control_interfaces/srv/detail/patrol__rosidl_typesupport_fastrtps_c.h\n'}
[3.701939] (turtle_control_interfaces) StdoutLine: {'line': b'-- Installing: /home/lxf/Desktop/ROS/16.Launch_parameter/install/turtle_control_interfaces/include/turtle_control_interfaces/turtle_control_interfaces/srv/detail/face_detector__rosidl_typesupport_fastrtps_c.h\n'}
[3.702026] (turtle_control_interfaces) StdoutLine: {'line': b'-- Up-to-date: /home/lxf/Desktop/ROS/16.Launch_parameter/install/turtle_control_interfaces/include/turtle_control_interfaces/turtle_control_interfaces/msg\n'}
[3.702081] (turtle_control_interfaces) StdoutLine: {'line': b'-- Installing: /home/lxf/Desktop/ROS/16.Launch_parameter/install/turtle_control_interfaces/include/turtle_control_interfaces/turtle_control_interfaces/msg/rosidl_typesupport_fastrtps_c__visibility_control.h\n'}
[3.702229] (turtle_control_interfaces) StdoutLine: {'line': b'-- Installing: /home/lxf/Desktop/ROS/16.Launch_parameter/install/turtle_control_interfaces/lib/libturtle_control_interfaces__rosidl_typesupport_fastrtps_c.so\n'}
[3.702658] (turtle_control_interfaces) StdoutLine: {'line': b'-- Set runtime path of "/home/lxf/Desktop/ROS/16.Launch_parameter/install/turtle_control_interfaces/lib/libturtle_control_interfaces__rosidl_typesupport_fastrtps_c.so" to ""\n'}
[3.702734] (turtle_control_interfaces) StdoutLine: {'line': b'-- Up-to-date: /home/lxf/Desktop/ROS/16.Launch_parameter/install/turtle_control_interfaces/include/turtle_control_interfaces/turtle_control_interfaces\n'}
[3.702803] (turtle_control_interfaces) StdoutLine: {'line': b'-- Up-to-date: /home/lxf/Desktop/ROS/16.Launch_parameter/install/turtle_control_interfaces/include/turtle_control_interfaces/turtle_control_interfaces/srv\n'}
[3.702872] (turtle_control_interfaces) StdoutLine: {'line': b'-- Up-to-date: /home/lxf/Desktop/ROS/16.Launch_parameter/install/turtle_control_interfaces/include/turtle_control_interfaces/turtle_control_interfaces/srv/detail\n'}
[3.702941] (turtle_control_interfaces) StdoutLine: {'line': b'-- Installing: /home/lxf/Desktop/ROS/16.Launch_parameter/install/turtle_control_interfaces/include/turtle_control_interfaces/turtle_control_interfaces/srv/detail/face_detector__rosidl_typesupport_introspection_c.h\n'}
[3.702995] (turtle_control_interfaces) StdoutLine: {'line': b'-- Installing: /home/lxf/Desktop/ROS/16.Launch_parameter/install/turtle_control_interfaces/include/turtle_control_interfaces/turtle_control_interfaces/srv/detail/face_detector__type_support.c\n'}
[3.703100] (turtle_control_interfaces) StdoutLine: {'line': b'-- Installing: /home/lxf/Desktop/ROS/16.Launch_parameter/install/turtle_control_interfaces/include/turtle_control_interfaces/turtle_control_interfaces/srv/detail/patrol__rosidl_typesupport_introspection_c.h\n'}
[3.703214] (turtle_control_interfaces) StdoutLine: {'line': b'-- Installing: /home/lxf/Desktop/ROS/16.Launch_parameter/install/turtle_control_interfaces/include/turtle_control_interfaces/turtle_control_interfaces/srv/detail/patrol__type_support.c\n'}
[3.703329] (turtle_control_interfaces) StdoutLine: {'line': b'-- Up-to-date: /home/lxf/Desktop/ROS/16.Launch_parameter/install/turtle_control_interfaces/include/turtle_control_interfaces/turtle_control_interfaces/msg\n'}
[3.703378] (turtle_control_interfaces) StdoutLine: {'line': b'-- Installing: /home/lxf/Desktop/ROS/16.Launch_parameter/install/turtle_control_interfaces/include/turtle_control_interfaces/turtle_control_interfaces/msg/rosidl_typesupport_introspection_c__visibility_control.h\n'}
[3.703530] (turtle_control_interfaces) StdoutLine: {'line': b'-- Installing: /home/lxf/Desktop/ROS/16.Launch_parameter/install/turtle_control_interfaces/lib/libturtle_control_interfaces__rosidl_typesupport_introspection_c.so\n'}
[3.703930] (turtle_control_interfaces) StdoutLine: {'line': b'-- Set runtime path of "/home/lxf/Desktop/ROS/16.Launch_parameter/install/turtle_control_interfaces/lib/libturtle_control_interfaces__rosidl_typesupport_introspection_c.so" to ""\n'}
[3.704009] (turtle_control_interfaces) StdoutLine: {'line': b'-- Installing: /home/lxf/Desktop/ROS/16.Launch_parameter/install/turtle_control_interfaces/lib/libturtle_control_interfaces__rosidl_typesupport_c.so\n'}
[3.704361] (turtle_control_interfaces) StdoutLine: {'line': b'-- Set runtime path of "/home/lxf/Desktop/ROS/16.Launch_parameter/install/turtle_control_interfaces/lib/libturtle_control_interfaces__rosidl_typesupport_c.so" to ""\n'}
[3.704454] (turtle_control_interfaces) StdoutLine: {'line': b'-- Up-to-date: /home/lxf/Desktop/ROS/16.Launch_parameter/install/turtle_control_interfaces/include/turtle_control_interfaces/turtle_control_interfaces\n'}
[3.704568] (turtle_control_interfaces) StdoutLine: {'line': b'-- Up-to-date: /home/lxf/Desktop/ROS/16.Launch_parameter/install/turtle_control_interfaces/include/turtle_control_interfaces/turtle_control_interfaces/srv\n'}
[3.704709] (turtle_control_interfaces) StdoutLine: {'line': b'-- Installing: /home/lxf/Desktop/ROS/16.Launch_parameter/install/turtle_control_interfaces/include/turtle_control_interfaces/turtle_control_interfaces/srv/patrol.hpp\n'}
[3.704873] (turtle_control_interfaces) StdoutLine: {'line': b'-- Up-to-date: /home/lxf/Desktop/ROS/16.Launch_parameter/install/turtle_control_interfaces/include/turtle_control_interfaces/turtle_control_interfaces/srv/detail\n'}
[3.705053] (turtle_control_interfaces) StdoutLine: {'line': b'-- Installing: /home/lxf/Desktop/ROS/16.Launch_parameter/install/turtle_control_interfaces/include/turtle_control_interfaces/turtle_control_interfaces/srv/detail/face_detector__traits.hpp\n'}
[3.705199] (turtle_control_interfaces) StdoutLine: {'line': b'-- Installing: /home/lxf/Desktop/ROS/16.Launch_parameter/install/turtle_control_interfaces/include/turtle_control_interfaces/turtle_control_interfaces/srv/detail/patrol__builder.hpp\n'}
[3.705293] (turtle_control_interfaces) StdoutLine: {'line': b'-- Installing: /home/lxf/Desktop/ROS/16.Launch_parameter/install/turtle_control_interfaces/include/turtle_control_interfaces/turtle_control_interfaces/srv/detail/patrol__struct.hpp\n'}
[3.705377] (turtle_control_interfaces) StdoutLine: {'line': b'-- Installing: /home/lxf/Desktop/ROS/16.Launch_parameter/install/turtle_control_interfaces/include/turtle_control_interfaces/turtle_control_interfaces/srv/detail/face_detector__type_support.hpp\n'}
[3.705530] (turtle_control_interfaces) StdoutLine: {'line': b'-- Installing: /home/lxf/Desktop/ROS/16.Launch_parameter/install/turtle_control_interfaces/include/turtle_control_interfaces/turtle_control_interfaces/srv/detail/face_detector__struct.hpp\n'}
[3.705665] (turtle_control_interfaces) StdoutLine: {'line': b'-- Installing: /home/lxf/Desktop/ROS/16.Launch_parameter/install/turtle_control_interfaces/include/turtle_control_interfaces/turtle_control_interfaces/srv/detail/face_detector__builder.hpp\n'}
[3.705754] (turtle_control_interfaces) StdoutLine: {'line': b'-- Installing: /home/lxf/Desktop/ROS/16.Launch_parameter/install/turtle_control_interfaces/include/turtle_control_interfaces/turtle_control_interfaces/srv/detail/patrol__type_support.hpp\n'}
[3.705835] (turtle_control_interfaces) StdoutLine: {'line': b'-- Installing: /home/lxf/Desktop/ROS/16.Launch_parameter/install/turtle_control_interfaces/include/turtle_control_interfaces/turtle_control_interfaces/srv/detail/patrol__traits.hpp\n'}
[3.705919] (turtle_control_interfaces) StdoutLine: {'line': b'-- Installing: /home/lxf/Desktop/ROS/16.Launch_parameter/install/turtle_control_interfaces/include/turtle_control_interfaces/turtle_control_interfaces/srv/face_detector.hpp\n'}
[3.706003] (turtle_control_interfaces) StdoutLine: {'line': b'-- Up-to-date: /home/lxf/Desktop/ROS/16.Launch_parameter/install/turtle_control_interfaces/include/turtle_control_interfaces/turtle_control_interfaces/msg\n'}
[3.706086] (turtle_control_interfaces) StdoutLine: {'line': b'-- Installing: /home/lxf/Desktop/ROS/16.Launch_parameter/install/turtle_control_interfaces/include/turtle_control_interfaces/turtle_control_interfaces/msg/rosidl_generator_cpp__visibility_control.hpp\n'}
[3.706167] (turtle_control_interfaces) StdoutLine: {'line': b'-- Up-to-date: /home/lxf/Desktop/ROS/16.Launch_parameter/install/turtle_control_interfaces/include/turtle_control_interfaces/turtle_control_interfaces\n'}
[3.706255] (turtle_control_interfaces) StdoutLine: {'line': b'-- Up-to-date: /home/lxf/Desktop/ROS/16.Launch_parameter/install/turtle_control_interfaces/include/turtle_control_interfaces/turtle_control_interfaces/srv\n'}
[3.706339] (turtle_control_interfaces) StdoutLine: {'line': b'-- Up-to-date: /home/lxf/Desktop/ROS/16.Launch_parameter/install/turtle_control_interfaces/include/turtle_control_interfaces/turtle_control_interfaces/srv/detail\n'}
[3.706565] (turtle_control_interfaces) StdoutLine: {'line': b'-- Installing: /home/lxf/Desktop/ROS/16.Launch_parameter/install/turtle_control_interfaces/include/turtle_control_interfaces/turtle_control_interfaces/srv/detail/face_detector__rosidl_typesupport_fastrtps_cpp.hpp\n'}
[3.706679] (turtle_control_interfaces) StdoutLine: {'line': b'-- Installing: /home/lxf/Desktop/ROS/16.Launch_parameter/install/turtle_control_interfaces/include/turtle_control_interfaces/turtle_control_interfaces/srv/detail/dds_fastrtps\n'}
[3.706822] (turtle_control_interfaces) StdoutLine: {'line': b'-- Installing: /home/lxf/Desktop/ROS/16.Launch_parameter/install/turtle_control_interfaces/include/turtle_control_interfaces/turtle_control_interfaces/srv/detail/patrol__rosidl_typesupport_fastrtps_cpp.hpp\n'}
[3.706920] (turtle_control_interfaces) StdoutLine: {'line': b'-- Up-to-date: /home/lxf/Desktop/ROS/16.Launch_parameter/install/turtle_control_interfaces/include/turtle_control_interfaces/turtle_control_interfaces/msg\n'}
[3.707009] (turtle_control_interfaces) StdoutLine: {'line': b'-- Installing: /home/lxf/Desktop/ROS/16.Launch_parameter/install/turtle_control_interfaces/include/turtle_control_interfaces/turtle_control_interfaces/msg/rosidl_typesupport_fastrtps_cpp__visibility_control.h\n'}
[3.707095] (turtle_control_interfaces) StdoutLine: {'line': b'-- Installing: /home/lxf/Desktop/ROS/16.Launch_parameter/install/turtle_control_interfaces/lib/libturtle_control_interfaces__rosidl_typesupport_fastrtps_cpp.so\n'}
[3.707186] (turtle_control_interfaces) StdoutLine: {'line': b'-- Set runtime path of "/home/lxf/Desktop/ROS/16.Launch_parameter/install/turtle_control_interfaces/lib/libturtle_control_interfaces__rosidl_typesupport_fastrtps_cpp.so" to ""\n'}
[3.707274] (turtle_control_interfaces) StdoutLine: {'line': b'-- Up-to-date: /home/lxf/Desktop/ROS/16.Launch_parameter/install/turtle_control_interfaces/include/turtle_control_interfaces/turtle_control_interfaces\n'}
[3.707360] (turtle_control_interfaces) StdoutLine: {'line': b'-- Up-to-date: /home/lxf/Desktop/ROS/16.Launch_parameter/install/turtle_control_interfaces/include/turtle_control_interfaces/turtle_control_interfaces/srv\n'}
[3.707523] (turtle_control_interfaces) StdoutLine: {'line': b'-- Up-to-date: /home/lxf/Desktop/ROS/16.Launch_parameter/install/turtle_control_interfaces/include/turtle_control_interfaces/turtle_control_interfaces/srv/detail\n'}
[3.707650] (turtle_control_interfaces) StdoutLine: {'line': b'-- Installing: /home/lxf/Desktop/ROS/16.Launch_parameter/install/turtle_control_interfaces/include/turtle_control_interfaces/turtle_control_interfaces/srv/detail/patrol__rosidl_typesupport_introspection_cpp.hpp\n'}
[3.707734] (turtle_control_interfaces) StdoutLine: {'line': b'-- Installing: /home/lxf/Desktop/ROS/16.Launch_parameter/install/turtle_control_interfaces/include/turtle_control_interfaces/turtle_control_interfaces/srv/detail/face_detector__type_support.cpp\n'}
[3.707814] (turtle_control_interfaces) StdoutLine: {'line': b'-- Installing: /home/lxf/Desktop/ROS/16.Launch_parameter/install/turtle_control_interfaces/include/turtle_control_interfaces/turtle_control_interfaces/srv/detail/patrol__type_support.cpp\n'}
[3.707897] (turtle_control_interfaces) StdoutLine: {'line': b'-- Installing: /home/lxf/Desktop/ROS/16.Launch_parameter/install/turtle_control_interfaces/include/turtle_control_interfaces/turtle_control_interfaces/srv/detail/face_detector__rosidl_typesupport_introspection_cpp.hpp\n'}
[3.707977] (turtle_control_interfaces) StdoutLine: {'line': b'-- Installing: /home/lxf/Desktop/ROS/16.Launch_parameter/install/turtle_control_interfaces/lib/libturtle_control_interfaces__rosidl_typesupport_introspection_cpp.so\n'}
[3.708055] (turtle_control_interfaces) StdoutLine: {'line': b'-- Set runtime path of "/home/lxf/Desktop/ROS/16.Launch_parameter/install/turtle_control_interfaces/lib/libturtle_control_interfaces__rosidl_typesupport_introspection_cpp.so" to ""\n'}
[3.708134] (turtle_control_interfaces) StdoutLine: {'line': b'-- Installing: /home/lxf/Desktop/ROS/16.Launch_parameter/install/turtle_control_interfaces/lib/libturtle_control_interfaces__rosidl_typesupport_cpp.so\n'}
[3.708271] (turtle_control_interfaces) StdoutLine: {'line': b'-- Set runtime path of "/home/lxf/Desktop/ROS/16.Launch_parameter/install/turtle_control_interfaces/lib/libturtle_control_interfaces__rosidl_typesupport_cpp.so" to ""\n'}
[3.708349] (turtle_control_interfaces) StdoutLine: {'line': b'-- Installing: /home/lxf/Desktop/ROS/16.Launch_parameter/install/turtle_control_interfaces/share/turtle_control_interfaces/environment/pythonpath.sh\n'}
[3.708424] (turtle_control_interfaces) StdoutLine: {'line': b'-- Installing: /home/lxf/Desktop/ROS/16.Launch_parameter/install/turtle_control_interfaces/share/turtle_control_interfaces/environment/pythonpath.dsv\n'}
[3.708512] (turtle_control_interfaces) StdoutLine: {'line': b'-- Installing: /home/lxf/Desktop/ROS/16.Launch_parameter/install/turtle_control_interfaces/local/lib/python3.10/dist-packages/turtle_control_interfaces-0.0.0-py3.10.egg-info\n'}
[3.708589] (turtle_control_interfaces) StdoutLine: {'line': b'-- Installing: /home/lxf/Desktop/ROS/16.Launch_parameter/install/turtle_control_interfaces/local/lib/python3.10/dist-packages/turtle_control_interfaces-0.0.0-py3.10.egg-info/PKG-INFO\n'}
[3.708664] (turtle_control_interfaces) StdoutLine: {'line': b'-- Installing: /home/lxf/Desktop/ROS/16.Launch_parameter/install/turtle_control_interfaces/local/lib/python3.10/dist-packages/turtle_control_interfaces-0.0.0-py3.10.egg-info/top_level.txt\n'}
[3.708739] (turtle_control_interfaces) StdoutLine: {'line': b'-- Installing: /home/lxf/Desktop/ROS/16.Launch_parameter/install/turtle_control_interfaces/local/lib/python3.10/dist-packages/turtle_control_interfaces-0.0.0-py3.10.egg-info/SOURCES.txt\n'}
[3.708815] (turtle_control_interfaces) StdoutLine: {'line': b'-- Installing: /home/lxf/Desktop/ROS/16.Launch_parameter/install/turtle_control_interfaces/local/lib/python3.10/dist-packages/turtle_control_interfaces-0.0.0-py3.10.egg-info/dependency_links.txt\n'}
[3.708903] (turtle_control_interfaces) StdoutLine: {'line': b'-- Installing: /home/lxf/Desktop/ROS/16.Launch_parameter/install/turtle_control_interfaces/local/lib/python3.10/dist-packages/turtle_control_interfaces\n'}
[3.708980] (turtle_control_interfaces) StdoutLine: {'line': b'-- Installing: /home/lxf/Desktop/ROS/16.Launch_parameter/install/turtle_control_interfaces/local/lib/python3.10/dist-packages/turtle_control_interfaces/turtle_control_interfaces_s__rosidl_typesupport_introspection_c.cpython-310-x86_64-linux-gnu.so\n'}
[3.709057] (turtle_control_interfaces) StdoutLine: {'line': b'-- Installing: /home/lxf/Desktop/ROS/16.Launch_parameter/install/turtle_control_interfaces/local/lib/python3.10/dist-packages/turtle_control_interfaces/libturtle_control_interfaces__rosidl_generator_py.so\n'}
[3.709133] (turtle_control_interfaces) StdoutLine: {'line': b'-- Installing: /home/lxf/Desktop/ROS/16.Launch_parameter/install/turtle_control_interfaces/local/lib/python3.10/dist-packages/turtle_control_interfaces/srv\n'}
[3.709207] (turtle_control_interfaces) StdoutLine: {'line': b'-- Installing: /home/lxf/Desktop/ROS/16.Launch_parameter/install/turtle_control_interfaces/local/lib/python3.10/dist-packages/turtle_control_interfaces/srv/_face_detector_s.c\n'}
[3.709286] (turtle_control_interfaces) StdoutLine: {'line': b'-- Installing: /home/lxf/Desktop/ROS/16.Launch_parameter/install/turtle_control_interfaces/local/lib/python3.10/dist-packages/turtle_control_interfaces/srv/_patrol_s.c\n'}
[3.709360] (turtle_control_interfaces) StdoutLine: {'line': b'-- Installing: /home/lxf/Desktop/ROS/16.Launch_parameter/install/turtle_control_interfaces/local/lib/python3.10/dist-packages/turtle_control_interfaces/srv/_face_detector.py\n'}
[3.709432] (turtle_control_interfaces) StdoutLine: {'line': b'-- Installing: /home/lxf/Desktop/ROS/16.Launch_parameter/install/turtle_control_interfaces/local/lib/python3.10/dist-packages/turtle_control_interfaces/srv/_patrol.py\n'}
[3.709566] (turtle_control_interfaces) StdoutLine: {'line': b'-- Installing: /home/lxf/Desktop/ROS/16.Launch_parameter/install/turtle_control_interfaces/local/lib/python3.10/dist-packages/turtle_control_interfaces/srv/__init__.py\n'}
[3.709629] (turtle_control_interfaces) StdoutLine: {'line': b'-- Installing: /home/lxf/Desktop/ROS/16.Launch_parameter/install/turtle_control_interfaces/local/lib/python3.10/dist-packages/turtle_control_interfaces/_turtle_control_interfaces_s.ep.rosidl_typesupport_introspection_c.c\n'}
[3.709664] (turtle_control_interfaces) StdoutLine: {'line': b'-- Installing: /home/lxf/Desktop/ROS/16.Launch_parameter/install/turtle_control_interfaces/local/lib/python3.10/dist-packages/turtle_control_interfaces/turtle_control_interfaces_s__rosidl_typesupport_fastrtps_c.cpython-310-x86_64-linux-gnu.so\n'}
[3.709696] (turtle_control_interfaces) StdoutLine: {'line': b'-- Installing: /home/lxf/Desktop/ROS/16.Launch_parameter/install/turtle_control_interfaces/local/lib/python3.10/dist-packages/turtle_control_interfaces/turtle_control_interfaces_s__rosidl_typesupport_c.cpython-310-x86_64-linux-gnu.so\n'}
[3.709727] (turtle_control_interfaces) StdoutLine: {'line': b'-- Installing: /home/lxf/Desktop/ROS/16.Launch_parameter/install/turtle_control_interfaces/local/lib/python3.10/dist-packages/turtle_control_interfaces/_turtle_control_interfaces_s.ep.rosidl_typesupport_fastrtps_c.c\n'}
[3.709757] (turtle_control_interfaces) StdoutLine: {'line': b'-- Installing: /home/lxf/Desktop/ROS/16.Launch_parameter/install/turtle_control_interfaces/local/lib/python3.10/dist-packages/turtle_control_interfaces/_turtle_control_interfaces_s.ep.rosidl_typesupport_c.c\n'}
[3.709785] (turtle_control_interfaces) StdoutLine: {'line': b'-- Installing: /home/lxf/Desktop/ROS/16.Launch_parameter/install/turtle_control_interfaces/local/lib/python3.10/dist-packages/turtle_control_interfaces/__init__.py\n'}
[3.710269] (-) TimerEvent: {}
[3.735393] (turtle_control_interfaces) StdoutLine: {'line': b"Listing '/home/lxf/Desktop/ROS/16.Launch_parameter/install/turtle_control_interfaces/local/lib/python3.10/dist-packages/turtle_control_interfaces'...\n"}
[3.735656] (turtle_control_interfaces) StdoutLine: {'line': b"Compiling '/home/lxf/Desktop/ROS/16.Launch_parameter/install/turtle_control_interfaces/local/lib/python3.10/dist-packages/turtle_control_interfaces/__init__.py'...\n"}
[3.735747] (turtle_control_interfaces) StdoutLine: {'line': b"Listing '/home/lxf/Desktop/ROS/16.Launch_parameter/install/turtle_control_interfaces/local/lib/python3.10/dist-packages/turtle_control_interfaces/srv'...\n"}
[3.735831] (turtle_control_interfaces) StdoutLine: {'line': b"Compiling '/home/lxf/Desktop/ROS/16.Launch_parameter/install/turtle_control_interfaces/local/lib/python3.10/dist-packages/turtle_control_interfaces/srv/__init__.py'...\n"}
[3.735916] (turtle_control_interfaces) StdoutLine: {'line': b"Compiling '/home/lxf/Desktop/ROS/16.Launch_parameter/install/turtle_control_interfaces/local/lib/python3.10/dist-packages/turtle_control_interfaces/srv/_face_detector.py'...\n"}
[3.735999] (turtle_control_interfaces) StdoutLine: {'line': b"Compiling '/home/lxf/Desktop/ROS/16.Launch_parameter/install/turtle_control_interfaces/local/lib/python3.10/dist-packages/turtle_control_interfaces/srv/_patrol.py'...\n"}
[3.739070] (turtle_control_interfaces) StdoutLine: {'line': b'-- Installing: /home/lxf/Desktop/ROS/16.Launch_parameter/install/turtle_control_interfaces/local/lib/python3.10/dist-packages/turtle_control_interfaces/turtle_control_interfaces_s__rosidl_typesupport_fastrtps_c.cpython-310-x86_64-linux-gnu.so\n'}
[3.739330] (turtle_control_interfaces) StdoutLine: {'line': b'-- Set runtime path of "/home/lxf/Desktop/ROS/16.Launch_parameter/install/turtle_control_interfaces/local/lib/python3.10/dist-packages/turtle_control_interfaces/turtle_control_interfaces_s__rosidl_typesupport_fastrtps_c.cpython-310-x86_64-linux-gnu.so" to ""\n'}
[3.739445] (turtle_control_interfaces) StdoutLine: {'line': b'-- Installing: /home/lxf/Desktop/ROS/16.Launch_parameter/install/turtle_control_interfaces/local/lib/python3.10/dist-packages/turtle_control_interfaces/turtle_control_interfaces_s__rosidl_typesupport_introspection_c.cpython-310-x86_64-linux-gnu.so\n'}
[3.739588] (turtle_control_interfaces) StdoutLine: {'line': b'-- Set runtime path of "/home/lxf/Desktop/ROS/16.Launch_parameter/install/turtle_control_interfaces/local/lib/python3.10/dist-packages/turtle_control_interfaces/turtle_control_interfaces_s__rosidl_typesupport_introspection_c.cpython-310-x86_64-linux-gnu.so" to ""\n'}
[3.739738] (turtle_control_interfaces) StdoutLine: {'line': b'-- Installing: /home/lxf/Desktop/ROS/16.Launch_parameter/install/turtle_control_interfaces/local/lib/python3.10/dist-packages/turtle_control_interfaces/turtle_control_interfaces_s__rosidl_typesupport_c.cpython-310-x86_64-linux-gnu.so\n'}
[3.739870] (turtle_control_interfaces) StdoutLine: {'line': b'-- Set runtime path of "/home/lxf/Desktop/ROS/16.Launch_parameter/install/turtle_control_interfaces/local/lib/python3.10/dist-packages/turtle_control_interfaces/turtle_control_interfaces_s__rosidl_typesupport_c.cpython-310-x86_64-linux-gnu.so" to ""\n'}
[3.740075] (turtle_control_interfaces) StdoutLine: {'line': b'-- Installing: /home/lxf/Desktop/ROS/16.Launch_parameter/install/turtle_control_interfaces/lib/libturtle_control_interfaces__rosidl_generator_py.so\n'}
[3.740289] (turtle_control_interfaces) StdoutLine: {'line': b'-- Set runtime path of "/home/lxf/Desktop/ROS/16.Launch_parameter/install/turtle_control_interfaces/lib/libturtle_control_interfaces__rosidl_generator_py.so" to ""\n'}
[3.740444] (turtle_control_interfaces) StdoutLine: {'line': b'-- Installing: /home/lxf/Desktop/ROS/16.Launch_parameter/install/turtle_control_interfaces/share/turtle_control_interfaces/srv/FaceDetector.idl\n'}
[3.740577] (turtle_control_interfaces) StdoutLine: {'line': b'-- Installing: /home/lxf/Desktop/ROS/16.Launch_parameter/install/turtle_control_interfaces/share/turtle_control_interfaces/srv/Patrol.idl\n'}
[3.740707] (turtle_control_interfaces) StdoutLine: {'line': b'-- Installing: /home/lxf/Desktop/ROS/16.Launch_parameter/install/turtle_control_interfaces/share/turtle_control_interfaces/srv/FaceDetector.srv\n'}
[3.740819] (turtle_control_interfaces) StdoutLine: {'line': b'-- Installing: /home/lxf/Desktop/ROS/16.Launch_parameter/install/turtle_control_interfaces/share/turtle_control_interfaces/srv/FaceDetector_Request.msg\n'}
[3.741054] (turtle_control_interfaces) StdoutLine: {'line': b'-- Installing: /home/lxf/Desktop/ROS/16.Launch_parameter/install/turtle_control_interfaces/share/turtle_control_interfaces/srv/FaceDetector_Response.msg\n'}
[3.741191] (turtle_control_interfaces) StdoutLine: {'line': b'-- Installing: /home/lxf/Desktop/ROS/16.Launch_parameter/install/turtle_control_interfaces/share/turtle_control_interfaces/srv/Patrol.srv\n'}
[3.741279] (turtle_control_interfaces) StdoutLine: {'line': b'-- Installing: /home/lxf/Desktop/ROS/16.Launch_parameter/install/turtle_control_interfaces/share/turtle_control_interfaces/srv/Patrol_Request.msg\n'}
[3.741364] (turtle_control_interfaces) StdoutLine: {'line': b'-- Installing: /home/lxf/Desktop/ROS/16.Launch_parameter/install/turtle_control_interfaces/share/turtle_control_interfaces/srv/Patrol_Response.msg\n'}
[3.741457] (turtle_control_interfaces) StdoutLine: {'line': b'-- Installing: /home/lxf/Desktop/ROS/16.Launch_parameter/install/turtle_control_interfaces/share/ament_index/resource_index/package_run_dependencies/turtle_control_interfaces\n'}
[3.741608] (turtle_control_interfaces) StdoutLine: {'line': b'-- Installing: /home/lxf/Desktop/ROS/16.Launch_parameter/install/turtle_control_interfaces/share/ament_index/resource_index/parent_prefix_path/turtle_control_interfaces\n'}
[3.741696] (turtle_control_interfaces) StdoutLine: {'line': b'-- Installing: /home/lxf/Desktop/ROS/16.Launch_parameter/install/turtle_control_interfaces/share/turtle_control_interfaces/environment/ament_prefix_path.sh\n'}
[3.741780] (turtle_control_interfaces) StdoutLine: {'line': b'-- Installing: /home/lxf/Desktop/ROS/16.Launch_parameter/install/turtle_control_interfaces/share/turtle_control_interfaces/environment/ament_prefix_path.dsv\n'}
[3.741903] (turtle_control_interfaces) StdoutLine: {'line': b'-- Installing: /home/lxf/Desktop/ROS/16.Launch_parameter/install/turtle_control_interfaces/share/turtle_control_interfaces/environment/path.sh\n'}
[3.741987] (turtle_control_interfaces) StdoutLine: {'line': b'-- Installing: /home/lxf/Desktop/ROS/16.Launch_parameter/install/turtle_control_interfaces/share/turtle_control_interfaces/environment/path.dsv\n'}
[3.742069] (turtle_control_interfaces) StdoutLine: {'line': b'-- Installing: /home/lxf/Desktop/ROS/16.Launch_parameter/install/turtle_control_interfaces/share/turtle_control_interfaces/local_setup.bash\n'}
[3.742150] (turtle_control_interfaces) StdoutLine: {'line': b'-- Installing: /home/lxf/Desktop/ROS/16.Launch_parameter/install/turtle_control_interfaces/share/turtle_control_interfaces/local_setup.sh\n'}
[3.742230] (turtle_control_interfaces) StdoutLine: {'line': b'-- Installing: /home/lxf/Desktop/ROS/16.Launch_parameter/install/turtle_control_interfaces/share/turtle_control_interfaces/local_setup.zsh\n'}
[3.742380] (turtle_control_interfaces) StdoutLine: {'line': b'-- Installing: /home/lxf/Desktop/ROS/16.Launch_parameter/install/turtle_control_interfaces/share/turtle_control_interfaces/local_setup.dsv\n'}
[3.742504] (turtle_control_interfaces) StdoutLine: {'line': b'-- Installing: /home/lxf/Desktop/ROS/16.Launch_parameter/install/turtle_control_interfaces/share/turtle_control_interfaces/package.dsv\n'}
[3.742628] (turtle_control_interfaces) StdoutLine: {'line': b'-- Installing: /home/lxf/Desktop/ROS/16.Launch_parameter/install/turtle_control_interfaces/share/ament_index/resource_index/packages/turtle_control_interfaces\n'}
[3.742711] (turtle_control_interfaces) StdoutLine: {'line': b'-- Installing: /home/lxf/Desktop/ROS/16.Launch_parameter/install/turtle_control_interfaces/share/turtle_control_interfaces/cmake/export_turtle_control_interfaces__rosidl_generator_cExport.cmake\n'}
[3.742828] (turtle_control_interfaces) StdoutLine: {'line': b'-- Installing: /home/lxf/Desktop/ROS/16.Launch_parameter/install/turtle_control_interfaces/share/turtle_control_interfaces/cmake/export_turtle_control_interfaces__rosidl_generator_cExport-noconfig.cmake\n'}
[3.742911] (turtle_control_interfaces) StdoutLine: {'line': b'-- Installing: /home/lxf/Desktop/ROS/16.Launch_parameter/install/turtle_control_interfaces/share/turtle_control_interfaces/cmake/export_turtle_control_interfaces__rosidl_typesupport_fastrtps_cExport.cmake\n'}
[3.742993] (turtle_control_interfaces) StdoutLine: {'line': b'-- Installing: /home/lxf/Desktop/ROS/16.Launch_parameter/install/turtle_control_interfaces/share/turtle_control_interfaces/cmake/export_turtle_control_interfaces__rosidl_typesupport_fastrtps_cExport-noconfig.cmake\n'}
[3.743075] (turtle_control_interfaces) StdoutLine: {'line': b'-- Installing: /home/lxf/Desktop/ROS/16.Launch_parameter/install/turtle_control_interfaces/share/turtle_control_interfaces/cmake/turtle_control_interfaces__rosidl_typesupport_introspection_cExport.cmake\n'}
[3.743155] (turtle_control_interfaces) StdoutLine: {'line': b'-- Installing: /home/lxf/Desktop/ROS/16.Launch_parameter/install/turtle_control_interfaces/share/turtle_control_interfaces/cmake/turtle_control_interfaces__rosidl_typesupport_introspection_cExport-noconfig.cmake\n'}
[3.743235] (turtle_control_interfaces) StdoutLine: {'line': b'-- Installing: /home/lxf/Desktop/ROS/16.Launch_parameter/install/turtle_control_interfaces/share/turtle_control_interfaces/cmake/turtle_control_interfaces__rosidl_typesupport_cExport.cmake\n'}
[3.743316] (turtle_control_interfaces) StdoutLine: {'line': b'-- Installing: /home/lxf/Desktop/ROS/16.Launch_parameter/install/turtle_control_interfaces/share/turtle_control_interfaces/cmake/turtle_control_interfaces__rosidl_typesupport_cExport-noconfig.cmake\n'}
[3.743397] (turtle_control_interfaces) StdoutLine: {'line': b'-- Installing: /home/lxf/Desktop/ROS/16.Launch_parameter/install/turtle_control_interfaces/share/turtle_control_interfaces/cmake/export_turtle_control_interfaces__rosidl_generator_cppExport.cmake\n'}
[3.743572] (turtle_control_interfaces) StdoutLine: {'line': b'-- Installing: /home/lxf/Desktop/ROS/16.Launch_parameter/install/turtle_control_interfaces/share/turtle_control_interfaces/cmake/export_turtle_control_interfaces__rosidl_typesupport_fastrtps_cppExport.cmake\n'}
[3.743624] (turtle_control_interfaces) StdoutLine: {'line': b'-- Installing: /home/lxf/Desktop/ROS/16.Launch_parameter/install/turtle_control_interfaces/share/turtle_control_interfaces/cmake/export_turtle_control_interfaces__rosidl_typesupport_fastrtps_cppExport-noconfig.cmake\n'}
[3.743657] (turtle_control_interfaces) StdoutLine: {'line': b'-- Installing: /home/lxf/Desktop/ROS/16.Launch_parameter/install/turtle_control_interfaces/share/turtle_control_interfaces/cmake/turtle_control_interfaces__rosidl_typesupport_introspection_cppExport.cmake\n'}
[3.743687] (turtle_control_interfaces) StdoutLine: {'line': b'-- Installing: /home/lxf/Desktop/ROS/16.Launch_parameter/install/turtle_control_interfaces/share/turtle_control_interfaces/cmake/turtle_control_interfaces__rosidl_typesupport_introspection_cppExport-noconfig.cmake\n'}
[3.743717] (turtle_control_interfaces) StdoutLine: {'line': b'-- Installing: /home/lxf/Desktop/ROS/16.Launch_parameter/install/turtle_control_interfaces/share/turtle_control_interfaces/cmake/turtle_control_interfaces__rosidl_typesupport_cppExport.cmake\n'}
[3.743747] (turtle_control_interfaces) StdoutLine: {'line': b'-- Installing: /home/lxf/Desktop/ROS/16.Launch_parameter/install/turtle_control_interfaces/share/turtle_control_interfaces/cmake/turtle_control_interfaces__rosidl_typesupport_cppExport-noconfig.cmake\n'}
[3.743774] (turtle_control_interfaces) StdoutLine: {'line': b'-- Installing: /home/lxf/Desktop/ROS/16.Launch_parameter/install/turtle_control_interfaces/share/turtle_control_interfaces/cmake/export_turtle_control_interfaces__rosidl_generator_pyExport.cmake\n'}
[3.743801] (turtle_control_interfaces) StdoutLine: {'line': b'-- Installing: /home/lxf/Desktop/ROS/16.Launch_parameter/install/turtle_control_interfaces/share/turtle_control_interfaces/cmake/export_turtle_control_interfaces__rosidl_generator_pyExport-noconfig.cmake\n'}
[3.743829] (turtle_control_interfaces) StdoutLine: {'line': b'-- Installing: /home/lxf/Desktop/ROS/16.Launch_parameter/install/turtle_control_interfaces/share/turtle_control_interfaces/cmake/rosidl_cmake-extras.cmake\n'}
[3.743864] (turtle_control_interfaces) StdoutLine: {'line': b'-- Installing: /home/lxf/Desktop/ROS/16.Launch_parameter/install/turtle_control_interfaces/share/turtle_control_interfaces/cmake/ament_cmake_export_dependencies-extras.cmake\n'}
[3.743891] (turtle_control_interfaces) StdoutLine: {'line': b'-- Installing: /home/lxf/Desktop/ROS/16.Launch_parameter/install/turtle_control_interfaces/share/turtle_control_interfaces/cmake/ament_cmake_export_include_directories-extras.cmake\n'}
[3.743918] (turtle_control_interfaces) StdoutLine: {'line': b'-- Installing: /home/lxf/Desktop/ROS/16.Launch_parameter/install/turtle_control_interfaces/share/turtle_control_interfaces/cmake/ament_cmake_export_libraries-extras.cmake\n'}
[3.743947] (turtle_control_interfaces) StdoutLine: {'line': b'-- Installing: /home/lxf/Desktop/ROS/16.Launch_parameter/install/turtle_control_interfaces/share/turtle_control_interfaces/cmake/ament_cmake_export_targets-extras.cmake\n'}
[3.743974] (turtle_control_interfaces) StdoutLine: {'line': b'-- Installing: /home/lxf/Desktop/ROS/16.Launch_parameter/install/turtle_control_interfaces/share/turtle_control_interfaces/cmake/rosidl_cmake_export_typesupport_targets-extras.cmake\n'}
[3.744001] (turtle_control_interfaces) StdoutLine: {'line': b'-- Installing: /home/lxf/Desktop/ROS/16.Launch_parameter/install/turtle_control_interfaces/share/turtle_control_interfaces/cmake/rosidl_cmake_export_typesupport_libraries-extras.cmake\n'}
[3.744026] (turtle_control_interfaces) StdoutLine: {'line': b'-- Installing: /home/lxf/Desktop/ROS/16.Launch_parameter/install/turtle_control_interfaces/share/turtle_control_interfaces/cmake/turtle_control_interfacesConfig.cmake\n'}
[3.744054] (turtle_control_interfaces) StdoutLine: {'line': b'-- Installing: /home/lxf/Desktop/ROS/16.Launch_parameter/install/turtle_control_interfaces/share/turtle_control_interfaces/cmake/turtle_control_interfacesConfig-version.cmake\n'}
[3.744081] (turtle_control_interfaces) StdoutLine: {'line': b'-- Installing: /home/lxf/Desktop/ROS/16.Launch_parameter/install/turtle_control_interfaces/share/turtle_control_interfaces/package.xml\n'}
[3.745034] (turtle_control_interfaces) CommandEnded: {'returncode': 0}
[3.759811] (turtle_control_interfaces) JobEnded: {'identifier': 'turtle_control_interfaces', 'rc': 0}
[3.810402] (-) TimerEvent: {}
[3.910697] (-) TimerEvent: {}
[4.010968] (-) TimerEvent: {}
[4.041756] (cpp_pose_topic) StdoutLine: {'line': b'[ 62%] \x1b[32m\x1b[1mLinking CXX executable turtle_param_client\x1b[0m\n'}
[4.111105] (-) TimerEvent: {}
[4.175076] (cpp_pose_topic) StdoutLine: {'line': b'[ 62%] Built target turtle_param_client\n'}
[4.211236] (-) TimerEvent: {}
[4.311571] (-) TimerEvent: {}
[4.357808] (cpp_pose_topic) StdoutLine: {'line': b'[ 75%] \x1b[32m\x1b[1mLinking CXX executable turtle_circle\x1b[0m\n'}
[4.411648] (-) TimerEvent: {}
[4.510483] (cpp_pose_topic) StdoutLine: {'line': b'[ 75%] Built target turtle_circle\n'}
[4.511724] (-) TimerEvent: {}
[4.612004] (-) TimerEvent: {}
[4.712274] (-) TimerEvent: {}
[4.812542] (-) TimerEvent: {}
[4.912792] (-) TimerEvent: {}
[5.013065] (-) TimerEvent: {}
[5.113410] (-) TimerEvent: {}
[5.213718] (-) TimerEvent: {}
[5.314012] (-) TimerEvent: {}
[5.414261] (-) TimerEvent: {}
[5.514525] (-) TimerEvent: {}
[5.614803] (-) TimerEvent: {}
[5.715113] (-) TimerEvent: {}
[5.815333] (-) TimerEvent: {}
[5.915606] (-) TimerEvent: {}
[6.015939] (-) TimerEvent: {}
[6.116229] (-) TimerEvent: {}
[6.216554] (-) TimerEvent: {}
[6.316834] (-) TimerEvent: {}
[6.417157] (-) TimerEvent: {}
[6.517477] (-) TimerEvent: {}
[6.617804] (-) TimerEvent: {}
[6.718112] (-) TimerEvent: {}
[6.818407] (-) TimerEvent: {}
[6.918715] (-) TimerEvent: {}
[7.019014] (-) TimerEvent: {}
[7.119374] (-) TimerEvent: {}
[7.219741] (-) TimerEvent: {}
[7.320052] (-) TimerEvent: {}
[7.360389] (cpp_pose_topic) StdoutLine: {'line': b'[ 87%] \x1b[32m\x1b[1mLinking CXX executable turtle_control_v2\x1b[0m\n'}
[7.379492] (cpp_pose_topic) StdoutLine: {'line': b'[100%] \x1b[32m\x1b[1mLinking CXX executable turtle_control\x1b[0m\n'}
[7.420215] (-) TimerEvent: {}
[7.520605] (-) TimerEvent: {}
[7.620964] (-) TimerEvent: {}
[7.679670] (cpp_pose_topic) StdoutLine: {'line': b'[100%] Built target turtle_control_v2\n'}
[7.683325] (cpp_pose_topic) StdoutLine: {'line': b'[100%] Built target turtle_control\n'}
[7.690933] (cpp_pose_topic) CommandEnded: {'returncode': 0}
[7.691786] (cpp_pose_topic) JobProgress: {'identifier': 'cpp_pose_topic', 'progress': 'install'}
[7.691938] (cpp_pose_topic) Command: {'cmd': ['/usr/bin/cmake', '--install', '/home/lxf/Desktop/ROS/16.Launch_parameter/build/cpp_pose_topic'], 'cwd': '/home/lxf/Desktop/ROS/16.Launch_parameter/build/cpp_pose_topic', 'env': OrderedDict([('GJS_DEBUG_TOPICS', 'JS ERROR;JS LOG'), ('PYTHON_BASIC_REPL', '1'), ('LESSOPEN', '| /usr/bin/lesspipe %s'), ('LANGUAGE', 'zh_CN:en'), ('USER', 'lxf'), ('LC_TIME', 'zh_CN.UTF-8'), ('XDG_SESSION_TYPE', 'x11'), ('GIT_ASKPASS', '/usr/share/code/resources/app/extensions/git/dist/askpass.sh'), ('SHLVL', '1'), ('LD_LIBRARY_PATH', '/opt/ros/humble/opt/rviz_ogre_vendor/lib:/opt/ros/humble/lib/x86_64-linux-gnu:/opt/ros/humble/lib'), ('HOME', '/home/lxf'), ('CHROME_DESKTOP', 'code.desktop'), ('OLDPWD', '/home/lxf/Desktop/ROS'), ('TERM_PROGRAM_VERSION', '1.106.2'), ('DESKTOP_SESSION', 'ubuntu-xorg'), ('GIO_LAUNCHED_DESKTOP_FILE', '/usr/share/applications/code.desktop'), ('ROS_PYTHON_VERSION', '3'), ('GNOME_SHELL_SESSION_MODE', 'ubuntu'), ('GTK_MODULES', 'gail:atk-bridge'), ('VSCODE_GIT_ASKPASS_MAIN', '/usr/share/code/resources/app/extensions/git/dist/askpass-main.js'), ('LC_MONETARY', 'zh_CN.UTF-8'), ('VSCODE_GIT_ASKPASS_NODE', '/usr/share/code/code'), ('MANAGERPID', '1679'), ('PYDEVD_DISABLE_FILE_VALIDATION', '1'), ('SYSTEMD_EXEC_PID', '2169'), ('BUNDLED_DEBUGPY_PATH', '/home/lxf/.vscode/extensions/ms-python.debugpy-2025.18.0-linux-x64/bundled/libs/debugpy'), ('VSCODE_PYTHON_AUTOACTIVATE_GUARD', '1'), ('DBUS_SESSION_BUS_ADDRESS', 'unix:path=/run/user/1000/bus'), ('COLORTERM', 'truecolor'), ('GIO_LAUNCHED_DESKTOP_FILE_PID', '5836'), ('ROS_DISTRO', 'humble'), ('GTK_IM_MODULE', 'ibus'), ('LOGNAME', 'lxf'), ('JOURNAL_STREAM', '8:4007'), ('_', '/usr/bin/colcon'), ('ROS_VERSION', '2'), ('XDG_SESSION_CLASS', 'user'), ('USERNAME', 'lxf'), ('TERM', 'xterm-256color'), ('GNOME_DESKTOP_SESSION_ID', 'this-is-deprecated'), ('ROS_LOCALHOST_ONLY', '0'), ('WINDOWPATH', '2'), ('PATH', '/usr/local/jdk/jdk-21.0.9/bin:/home/lxf/.config/Code/User/globalStorage/github.copilot-chat/debugCommand:/home/lxf/.config/Code/User/globalStorage/github.copilot-chat/copilotCli:/home/lxf/.local/bin:/usr/local/jdk/jdk-21.0.9/bin:/opt/ros/humble/bin:/usr/local/jdk/jdk-21.0.9/bin:/home/lxf/.local/bin:/usr/local/jdk/jdk-21.0.9/bin:/usr/local/sbin:/usr/local/bin:/usr/sbin:/usr/bin:/sbin:/bin:/usr/games:/usr/local/games:/snap/bin:/snap/bin:/home/lxf/.vscode/extensions/ms-python.debugpy-2025.18.0-linux-x64/bundled/scripts/noConfigScripts'), ('SESSION_MANAGER', 'local/lxf-Cyborg-14-A13VF:@/tmp/.ICE-unix/2122,unix/lxf-Cyborg-14-A13VF:/tmp/.ICE-unix/2122'), ('INVOCATION_ID', '974dd0a0a44442929aed8864053050f1'), ('PAPERSIZE', 'a4'), ('XDG_MENU_PREFIX', 'gnome-'), ('LC_ADDRESS', 'zh_CN.UTF-8'), ('XDG_RUNTIME_DIR', '/run/user/1000'), ('GDK_BACKEND', 'x11'), ('DISPLAY', ':1'), ('VSCODE_DEBUGPY_ADAPTER_ENDPOINTS', '/home/lxf/.vscode/extensions/ms-python.debugpy-2025.18.0-linux-x64/.noConfigDebugAdapterEndpoints/endpoint-3d760fdd5832552a.txt'), ('LANG', 'zh_CN.UTF-8'), ('XDG_CURRENT_DESKTOP', 'Unity'), ('PYTHONSTARTUP', '/home/lxf/.config/Code/User/workspaceStorage/fec71f9b2e3a7de36fe5046c73599786/ms-python.python/pythonrc.py'), ('LC_TELEPHONE', 'zh_CN.UTF-8'), ('XMODIFIERS', '@im=ibus'), ('XDG_SESSION_DESKTOP', 'ubuntu-xorg'), ('XAUTHORITY', '/run/user/1000/gdm/Xauthority'), ('LS_COLORS', 'rs=0:di=01;34:ln=01;36:mh=00:pi=40;33:so=01;35:do=01;35:bd=40;33;01:cd=40;33;01:or=40;31;01:mi=00:su=37;41:sg=30;43:ca=30;41:tw=30;42:ow=34;42:st=37;44:ex=01;32:*.tar=01;31:*.tgz=01;31:*.arc=01;31:*.arj=01;31:*.taz=01;31:*.lha=01;31:*.lz4=01;31:*.lzh=01;31:*.lzma=01;31:*.tlz=01;31:*.txz=01;31:*.tzo=01;31:*.t7z=01;31:*.zip=01;31:*.z=01;31:*.dz=01;31:*.gz=01;31:*.lrz=01;31:*.lz=01;31:*.lzo=01;31:*.xz=01;31:*.zst=01;31:*.tzst=01;31:*.bz2=01;31:*.bz=01;31:*.tbz=01;31:*.tbz2=01;31:*.tz=01;31:*.deb=01;31:*.rpm=01;31:*.jar=01;31:*.war=01;31:*.ear=01;31:*.sar=01;31:*.rar=01;31:*.alz=01;31:*.ace=01;31:*.zoo=01;31:*.cpio=01;31:*.7z=01;31:*.rz=01;31:*.cab=01;31:*.wim=01;31:*.swm=01;31:*.dwm=01;31:*.esd=01;31:*.jpg=01;35:*.jpeg=01;35:*.mjpg=01;35:*.mjpeg=01;35:*.gif=01;35:*.bmp=01;35:*.pbm=01;35:*.pgm=01;35:*.ppm=01;35:*.tga=01;35:*.xbm=01;35:*.xpm=01;35:*.tif=01;35:*.tiff=01;35:*.png=01;35:*.svg=01;35:*.svgz=01;35:*.mng=01;35:*.pcx=01;35:*.mov=01;35:*.mpg=01;35:*.mpeg=01;35:*.m2v=01;35:*.mkv=01;35:*.webm=01;35:*.webp=01;35:*.ogm=01;35:*.mp4=01;35:*.m4v=01;35:*.mp4v=01;35:*.vob=01;35:*.qt=01;35:*.nuv=01;35:*.wmv=01;35:*.asf=01;35:*.rm=01;35:*.rmvb=01;35:*.flc=01;35:*.avi=01;35:*.fli=01;35:*.flv=01;35:*.gl=01;35:*.dl=01;35:*.xcf=01;35:*.xwd=01;35:*.yuv=01;35:*.cgm=01;35:*.emf=01;35:*.ogv=01;35:*.ogx=01;35:*.aac=00;36:*.au=00;36:*.flac=00;36:*.m4a=00;36:*.mid=00;36:*.midi=00;36:*.mka=00;36:*.mp3=00;36:*.mpc=00;36:*.ogg=00;36:*.ra=00;36:*.wav=00;36:*.oga=00;36:*.opus=00;36:*.spx=00;36:*.xspf=00;36:'), ('VSCODE_GIT_IPC_HANDLE', '/run/user/1000/vscode-git-953a7f316d.sock'), ('TERM_PROGRAM', 'vscode'), ('SSH_AGENT_LAUNCHER', 'gnome-keyring'), ('SSH_AUTH_SOCK', '/run/user/1000/keyring/ssh'), ('AMENT_PREFIX_PATH', '/opt/ros/humble'), ('ORIGINAL_XDG_CURRENT_DESKTOP', 'ubuntu:GNOME'), ('SHELL', '/bin/bash'), ('LC_NAME', 'zh_CN.UTF-8'), ('QT_ACCESSIBILITY', '1'), ('GDMSESSION', 'ubuntu-xorg'), ('LESSCLOSE', '/usr/bin/lesspipe %s %s'), ('LC_MEASUREMENT', 'zh_CN.UTF-8'), ('GPG_AGENT_INFO', '/run/user/1000/gnupg/S.gpg-agent:0:1'), ('GJS_DEBUG_OUTPUT', 'stderr'), ('LC_IDENTIFICATION', 'zh_CN.UTF-8'), ('VSCODE_GIT_ASKPASS_EXTRA_ARGS', ''), ('QT_IM_MODULE', 'ibus'), ('JAVA_HOME', '/usr/local/jdk/jdk-21.0.9'), ('PWD', '/home/lxf/Desktop/ROS/16.Launch_parameter/build/cpp_pose_topic'), ('XDG_CONFIG_DIRS', '/etc/xdg/xdg-ubuntu-xorg:/etc/xdg'), ('CLUTTER_IM_MODULE', 'xim'), ('XDG_DATA_DIRS', '/usr/share/ubuntu-xorg:/usr/share/gnome:/usr/local/share/:/usr/share/:/var/lib/snapd/desktop'), ('PYTHONPATH', '/opt/ros/humble/lib/python3.10/site-packages:/opt/ros/humble/local/lib/python3.10/dist-packages'), ('LC_NUMERIC', 'zh_CN.UTF-8'), ('LC_PAPER', 'zh_CN.UTF-8'), ('COLCON', '1'), ('CMAKE_PREFIX_PATH', '/opt/ros/humble')]), 'shell': False}
[7.697874] (cpp_pose_topic) StdoutLine: {'line': b'-- Install configuration: ""\n'}
[7.698076] (cpp_pose_topic) StdoutLine: {'line': b'-- Installing: /home/lxf/Desktop/ROS/16.Launch_parameter/install/cpp_pose_topic/lib/cpp_pose_topic/turtle_circle\n'}
[7.698656] (cpp_pose_topic) StdoutLine: {'line': b'-- Set runtime path of "/home/lxf/Desktop/ROS/16.Launch_parameter/install/cpp_pose_topic/lib/cpp_pose_topic/turtle_circle" to ""\n'}
[7.698772] (cpp_pose_topic) StdoutLine: {'line': b'-- Installing: /home/lxf/Desktop/ROS/16.Launch_parameter/install/cpp_pose_topic/lib/cpp_pose_topic/turtle_control\n'}
[7.700542] (cpp_pose_topic) StdoutLine: {'line': b'-- Set runtime path of "/home/lxf/Desktop/ROS/16.Launch_parameter/install/cpp_pose_topic/lib/cpp_pose_topic/turtle_control" to ""\n'}
[7.700606] (cpp_pose_topic) StdoutLine: {'line': b'-- Installing: /home/lxf/Desktop/ROS/16.Launch_parameter/install/cpp_pose_topic/lib/cpp_pose_topic/turtle_control_v2\n'}
[7.702408] (cpp_pose_topic) StdoutLine: {'line': b'-- Set runtime path of "/home/lxf/Desktop/ROS/16.Launch_parameter/install/cpp_pose_topic/lib/cpp_pose_topic/turtle_control_v2" to ""\n'}
[7.702529] (cpp_pose_topic) StdoutLine: {'line': b'-- Installing: /home/lxf/Desktop/ROS/16.Launch_parameter/install/cpp_pose_topic/lib/cpp_pose_topic/turtle_param_client\n'}
[7.702923] (cpp_pose_topic) StdoutLine: {'line': b'-- Set runtime path of "/home/lxf/Desktop/ROS/16.Launch_parameter/install/cpp_pose_topic/lib/cpp_pose_topic/turtle_param_client" to ""\n'}
[7.702966] (cpp_pose_topic) StdoutLine: {'line': b'-- Installing: /home/lxf/Desktop/ROS/16.Launch_parameter/install/cpp_pose_topic/share/cpp_pose_topic/launch\n'}
[7.703035] (cpp_pose_topic) StdoutLine: {'line': b'-- Installing: /home/lxf/Desktop/ROS/16.Launch_parameter/install/cpp_pose_topic/share/cpp_pose_topic/launch/demo.launch.py\n'}
[7.703070] (cpp_pose_topic) StdoutLine: {'line': b'-- Installing: /home/lxf/Desktop/ROS/16.Launch_parameter/install/cpp_pose_topic/share/ament_index/resource_index/package_run_dependencies/cpp_pose_topic\n'}
[7.703125] (cpp_pose_topic) StdoutLine: {'line': b'-- Installing: /home/lxf/Desktop/ROS/16.Launch_parameter/install/cpp_pose_topic/share/ament_index/resource_index/parent_prefix_path/cpp_pose_topic\n'}
[7.703181] (cpp_pose_topic) StdoutLine: {'line': b'-- Installing: /home/lxf/Desktop/ROS/16.Launch_parameter/install/cpp_pose_topic/share/cpp_pose_topic/environment/ament_prefix_path.sh\n'}
[7.703236] (cpp_pose_topic) StdoutLine: {'line': b'-- Installing: /home/lxf/Desktop/ROS/16.Launch_parameter/install/cpp_pose_topic/share/cpp_pose_topic/environment/ament_prefix_path.dsv\n'}
[7.703289] (cpp_pose_topic) StdoutLine: {'line': b'-- Installing: /home/lxf/Desktop/ROS/16.Launch_parameter/install/cpp_pose_topic/share/cpp_pose_topic/environment/path.sh\n'}
[7.703344] (cpp_pose_topic) StdoutLine: {'line': b'-- Installing: /home/lxf/Desktop/ROS/16.Launch_parameter/install/cpp_pose_topic/share/cpp_pose_topic/environment/path.dsv\n'}
[7.703389] (cpp_pose_topic) StdoutLine: {'line': b'-- Installing: /home/lxf/Desktop/ROS/16.Launch_parameter/install/cpp_pose_topic/share/cpp_pose_topic/local_setup.bash\n'}
[7.703449] (cpp_pose_topic) StdoutLine: {'line': b'-- Installing: /home/lxf/Desktop/ROS/16.Launch_parameter/install/cpp_pose_topic/share/cpp_pose_topic/local_setup.sh\n'}
[7.703519] (cpp_pose_topic) StdoutLine: {'line': b'-- Installing: /home/lxf/Desktop/ROS/16.Launch_parameter/install/cpp_pose_topic/share/cpp_pose_topic/local_setup.zsh\n'}
[7.703569] (cpp_pose_topic) StdoutLine: {'line': b'-- Installing: /home/lxf/Desktop/ROS/16.Launch_parameter/install/cpp_pose_topic/share/cpp_pose_topic/local_setup.dsv\n'}
[7.703600] (cpp_pose_topic) StdoutLine: {'line': b'-- Installing: /home/lxf/Desktop/ROS/16.Launch_parameter/install/cpp_pose_topic/share/cpp_pose_topic/package.dsv\n'}
[7.703655] (cpp_pose_topic) StdoutLine: {'line': b'-- Installing: /home/lxf/Desktop/ROS/16.Launch_parameter/install/cpp_pose_topic/share/ament_index/resource_index/packages/cpp_pose_topic\n'}
[7.703721] (cpp_pose_topic) StdoutLine: {'line': b'-- Installing: /home/lxf/Desktop/ROS/16.Launch_parameter/install/cpp_pose_topic/share/cpp_pose_topic/cmake/cpp_pose_topicConfig.cmake\n'}
[7.703753] (cpp_pose_topic) StdoutLine: {'line': b'-- Installing: /home/lxf/Desktop/ROS/16.Launch_parameter/install/cpp_pose_topic/share/cpp_pose_topic/cmake/cpp_pose_topicConfig-version.cmake\n'}
[7.703807] (cpp_pose_topic) StdoutLine: {'line': b'-- Installing: /home/lxf/Desktop/ROS/16.Launch_parameter/install/cpp_pose_topic/share/cpp_pose_topic/package.xml\n'}
[7.705207] (cpp_pose_topic) CommandEnded: {'returncode': 0}
[7.714352] (cpp_pose_topic) JobEnded: {'identifier': 'cpp_pose_topic', 'rc': 0}
[7.714791] (-) EventReactorShutdown: {}
